Molecule,C_index,O_index,bond_CO,angle_O_C_X,dihedral_real,nu_CO_DFT,SCF_energy,Gibbs_energy,dipole,A_rot,B_rot,C_rot,charge_C,charge_O,lowdin_C,lowdin_O,mayer_CO,s_C,p_C,sp_ratio,HOMO,LUMO,gap,Epar_lowdin_MV_per_cm,nu_CO_exp,HOMO_1,LUMO_1,pi,pi_star
2-Butanone,5,10,1.209299990965848,122.03645455971704,-126.02613235662209,1785.28,-232.434913980382,-232.35339954,2.866604426,9585.226379,3592.960266,2745.2422,0.196982,-0.289579,-0.354158,0.131455,2.1117,3.183934,2.38948,0.7504803805606524,-0.251918,-0.018048,0.2338699999999999,57.686146397377655,1730.2913580246914,-0.347978262720957,0.0245709263036907,-0.443412744783976,0.752860835316643
2-Pentanone,9,11,1.209508706091031,122.19604885484718,140.5291907952866,1784.22,-271.738518431109,-271.62922766,2.752841465,6488.399664,2140.982758,1935.210877,0.205877,-0.29589,-0.352095,0.129919,2.0899,3.176189,2.387701,0.751750289419175,-0.251362,-0.019001,0.2323609999999999,54.98145171431531,1731.3051869722558,-0.336525502093131,0.025334440932563,-0.361994625679207,0.666282562037302
3-Pentanone,6,9,1.2095051060305615,121.9195733711426,-123.8231269189634,1782.67,-271.739018834108,-271.63066533,2.744504832,8966.59488,1948.751046,1665.792515,0.178943,-0.297864,-0.327665,0.13724,2.0772,3.193326,2.39509,0.7500299061229577,-0.250367,-0.016473,0.233894,71.67562752558739,1729.5107913669065,-0.346857956069205,0.022622708669752,-0.43552995202429,5.0563645312171
4-Methyl-3-penten-2-one,10,11,1.2182330506947348,124.65461804367462,173.9611366323944,1749.16,-309.82392626302,-309.71217215,2.972362537,5018.485282,1635.899995,1264.451641,0.275189,-0.332771,-0.351411,0.106347,2.0051,3.140742,2.362114,0.7520878824175944,-0.242971,-0.052703,0.190268,64.76155461074329,1699.728534,-0.262732378842259,0.0315144907368057,-0.415819319934673,4.98893639409617
4-Methylbenzaldehyde,5,12,1.2092363058513418,125.12233259193826,-0.0406478283817546,1768.16,-384.834676176846,-384.73090508,4.002692991,5033.939741,987.507706,829.782031,0.088183,-0.281783,-0.263734,0.10756,2.0992,3.266196,2.471807,0.7567846510129828,-0.259698,-0.068168,0.1915299999999999,3.284380829785647,1720.3699421965318,-0.261897313510098,-0.026692564591606,-0.430180732003786,4.35418365806163
4-Methylbenzoic_acid,11,12,1.2004252428956168,123.58956010902446,17.555070792202688,1816.02,-460.083967107648,-459.97584739,5.401003126,3788.851841,784.141081,658.319415,0.314855,-0.289672,-0.462236,0.12847,2.0963,3.046723,2.349673,0.7712132018565522,-0.265548,-0.057453,0.208095,-21.627776201096943,1758.0,-0.276728988867776,-0.0326660377650117,-0.444162362120113,4.51781221541704
Acetamide,1,6,1.215475490710117,122.1063649484642,-57.836973374445485,1765.19,-209.200229347865,-209.15497879,3.885002919,10887.60686,9272.561961,5167.314701,0.293925,-0.354946,-0.508985,0.061663,2.059,3.076387,2.366108,0.7691190997751584,-0.256195,0.018658,0.274853,-25.078533483200765,1602.0,-0.276707704487851,0.0217792773691468,-0.406755665365939,3.6660301272343
Acetanilide,13,15,1.2169395496001436,121.8491121895546,25.476251173197408,1748.39,-440.203867126465,-440.08279626,3.591954029,3471.414906,791.870059,682.373914,0.2594,-0.34753,-0.459375,0.069665,2.0647,3.087087,2.381088,0.7713057649492872,-0.237756,-0.028381,0.209375,-32.56686391564037,1602.0,-0.261568333078315,-0.0252987525822878,-0.411509540892811,4.72377080380121
Acetic_acid,3,5,1.195644111094518,124.9328847113646,0.0638938162725728,1853.58,-229.069276713028,-229.0349135,4.410196837,11014.75337,9613.154144,5302.79685,0.30191,-0.278101,-0.528281,0.128277,2.1277,3.090256,2.324599,0.7522350899084089,-0.284282,-0.00089,0.283392,-47.89490136710759,1758.0,-0.329800337917394,0.00361279357567134,-0.479740404373019,4.66461598563315
Acetic_anhydride,1,7,1.1904598223837717,127.01347231552144,-6.67003633005886,1885.04,-381.706501224594,-381.64110257,3.862407233,5502.931196,1780.333387,1540.983327,0.311398,-0.245761,-0.456929,0.162203,2.1502,3.122402,2.28339,0.7312927675552346,-0.285682,-0.035032,0.25065,-47.91624439526305,1831.3956043956043,-0.305256915691336,0.0045109283764391,-0.460045564270024,0.378674764008009
Acetic_anhydride,8,11,1.1904729531959135,127.00890711099392,-7.122363596942242,1816.85,-381.706501224594,-381.64110257,3.862407233,5502.931196,1780.333387,1540.983327,0.311407,-0.245909,-0.45698,0.162109,2.15,3.122276,2.283474,0.7313491824553627,-0.285682,-0.035032,0.25065,-47.95518253156183,1778.759825327511,-0.305256915691336,0.0045109283764391,-0.509490244529776,4.7478791410466
Acetophenone,11,12,1.2142627096617105,120.7711218099417,0.1922468583199964,1749.4,-384.838622911511,-384.73344948,3.13630903,3708.961984,1219.914134,923.22057,0.222622,-0.29766,-0.310783,0.128194,2.0835,3.159849,2.385716,0.7550094957069151,-0.255924,-0.064395,0.191529,68.50236555857222,1708.1311475409836,-0.26672937152612,-0.0224731487576066,-0.421342554228883,0.776893764732501
Acetyl_chloride,3,5,1.1797840201176657,128.08687628808602,-0.0432726360191712,1882.66,-613.402180345783,-613.38287298,2.826952716,10169.858899,4835.729411,3344.956584,0.21416,-0.188838,-0.599542,0.186984,2.1541,3.178404,2.356096,0.7412827318364814,-0.303739,-0.045355,0.258384,-36.37866765028664,1795.329938315314,-0.323957094270817,0.0114204585932165,-0.483968746968261,2.77890968657067
Benzaldehyde,5,12,1.208284029469065,125.0307000334015,0.0434090030804439,1772.3,-345.52597755764,-345.44696253,3.451420518,5277.019928,1567.805747,1208.700269,0.092907,-0.276623,-0.260039,0.112756,2.1008,3.265401,2.467955,0.7557892583483621,-0.263901,-0.073481,0.1904199999999999,0.4960296138594486,1729.2160848431286,-0.273145003395516,-0.0283325295573117,-0.415748146220457,4.3602084327586
Benzamide,0,12,1.2181463805282189,121.98034647370667,-17.18244883293958,1746.13,-400.90634861564,-400.81104169,3.649863352,3839.114537,1219.019944,938.500036,0.269913,-0.347644,-0.434844,0.074369,2.0678,3.056955,2.401027,0.7854309271808058,-0.257654,-0.047021,0.210633,-2.281688349263596,1698.0,-0.267882269219181,-0.0220409110640543,-0.421234531580866,4.35752681868136
Benzoic_acid,0,14,1.1998530551300857,123.48462460713712,10.018989637867424,1818.94,-420.775356832896,-420.69208655,4.864875947,3860.903585,1218.751763,940.186603,0.316515,-0.286233,-0.461139,0.13187,2.096,3.049371,2.344818,0.7689513673475612,-0.275207,-0.06202,0.213187,-25.43482564117733,1758.0,-0.28156865252166,-0.0353488606069714,-0.444564078294115,0.814504596985008
Benzophenone,11,17,1.217845592638903,120.20504638002603,-23.57438226430727,1717.27,-576.544206323816,-576.38956035,3.111574304,1701.997393,414.638889,354.757742,0.195952,-0.305536,-0.246018,0.136152,2.0476,3.182904,2.39028,0.7509745817027469,-0.252024,-0.070973,0.181051,83.77922663126684,1684.6831091180868,-0.265339780391824,-0.029040865517663,-0.40328240843474,0.793770043818634
Benzoyl_chloride,5,12,1.1862104479159674,126.1746552166538,-0.0266017026143583,1828.79,-805.10894256047,-805.04070441,3.985351054,3131.626565,926.442135,714.938929,0.250429,-0.21101,-0.534336,0.178904,2.1194,3.137004,2.357536,0.7515247031881375,-0.281811,-0.08395,0.1978609999999999,-4.931352291694559,1789.6059479553903,-0.285351798416606,-0.0345828495544516,-0.452826305064151,0.840050058342544
Butanal,10,12,1.2037192696260202,125.13329965700932,3.345099965356285,1806.26,-232.422189512409,-232.33903192,3.000879243,20259.526737,2150.73837,2112.955356,0.104835,-0.258312,-0.293812,0.116073,2.1427,3.254931,2.463732,0.7569229578138522,-0.258625,-0.031996,0.226629,-5.763579881967601,1750.9964157706092,-0.347078315257639,0.0312478403702624,-0.44594595126291,4.97901177325448
Butanoic_acid,9,12,1.1963757830815531,125.1667162218649,122.89789779131922,1847.85,-307.677452768931,-307.58998286,4.232127693,8862.173133,1834.530532,1563.60181,0.326025,-0.278922,-0.498152,0.132824,2.1143,3.069125,2.31803,0.7552738972834276,-0.281829,0.001508,0.283337,-33.847866084151306,1758.0,-0.327110870105197,0.00831174466955292,-0.460784171023278,0.840292564674863
Butyl_acetate,3,6,1.200500567298908,123.44582318215087,-1.236916208186615,1812.65,-386.273200959245,-386.13333197,4.381886326,4920.360473,842.054124,764.40532,0.269911,-0.289542,-0.504954,0.116322,2.1355,3.088125,2.35373,0.7621874114551711,-0.272405,0.007598,0.280003,-52.71681228120252,1763.535135135135,-0.297797048650654,0.0192396606605669,-0.50797683920715,0.753381649417566
Cyclohexanecarbaldehyde,0,18,1.2043500518292016,125.50813544191392,-119.1143960416613,1798.79,-349.125692915486,-348.97919528,2.970064821,3933.299894,1430.180047,1154.606204,0.06614,-0.263166,-0.272032,0.11876,2.1578,3.284431,2.467345,0.7512244891124216,-0.254852,-0.027004,0.227848,11.232305553321297,1740.7138047138046,-0.308622879477374,0.0246128467896386,-0.407254570095181,5.07292637978794
Cyclohexanone,12,14,1.2088691869300832,122.54412074126796,26.466632480149283,1787.04,-309.834541076965,-309.7146569,3.292133191,4456.282058,2389.176456,1726.219128,0.118909,-0.279912,-0.325578,0.126207,2.1483,3.222117,2.435002,0.7557149538641831,-0.243136,-0.018896,0.22424,80.35714910103515,1735.1232227488151,-0.320680021014409,0.0205061677064528,-0.365397106177236,0.720862256268473
Dimethyl_carbonate,5,6,1.2048127171759933,125.9745807763416,0.0,1791.0,-343.591976424493,-343.52758351,0.435714209,10454.499658,2352.786607,1968.153815,0.444465,-0.361423,-0.644062,0.081286,1.9536,2.977405,2.233866,0.7502728046738686,-0.295245,0.034399,0.329644,-150.25939332012626,1766.3920922570017,-0.312116492093463,0.0397774509870168,-0.549872999085777,4.36680234104048
Ethanal,2,6,1.2032964160093726,124.7685002049751,0.0529736092915397,1811.39,-153.815548001038,-153.78524409,2.807356546,57353.257053,10172.636918,9124.474865,0.122668,-0.261075,-0.320657,0.114016,2.1292,3.243411,2.45445,0.7567496071265714,-0.264098,-0.03249,0.231608,-21.939386600196737,1726.5,-0.372911422300783,0.0413690685376871,-0.443189450581932,4.66461887028908
Ethyl_acetate,4,5,1.2001513195939086,123.44858191145296,-0.077827282777768,1814.77,-307.665527254751,-307.5789438,4.543644707,7994.28576,2107.556557,1721.532627,0.268481,-0.286928,-0.504367,0.117739,2.1355,3.087177,2.356888,0.7634444024427495,-0.273,0.007168,0.280168,-50.29114894892258,1770.2312543798178,-0.299711439851699,0.0179751333293935,-0.508004174493712,0.746095272638011
Ethyl_acrylate,6,4,1.2033664575086842,120.11224327663788,36.53745312156686,1784.2,-345.733658120022,-345.64305233,4.543414827,3985.966098,1916.606382,1369.816346,0.303879,-0.285656,-0.477773,0.129975,2.072,3.062964,2.346895,0.7662169715347618,-0.274564,-0.052621,0.2219429999999999,-44.84770832551763,1753.219473264166,-0.297215562149147,0.0266569871739894,-0.428999335058217,4.62836319106715
Ethyl_benzoate,5,14,1.208373762214738,124.33857206174255,-0.0279241266955054,1763.4,-499.38349455685,-499.24768496,2.082636091,2767.986584,608.709177,502.095699,0.346525,-0.338538,-0.437891,0.106711,1.9996,3.074204,2.287576,0.7441197786483916,-0.264829,-0.05232,0.2125089999999999,-28.44886362649341,1744.3229813664595,-0.266077432410625,-0.0184944640078566,-0.430867671073701,0.934956710985309
Formamide,0,2,1.2094963443206432,124.95622067789918,-179.9940735156599,1794.9,-169.887398429593,-169.86668304,3.96549572,73819.824424,11382.525531,9861.888045,0.194695,-0.33642,-0.455311,0.048879,2.0443,3.13757,2.448303,0.78031820803998,-0.267114,0.01285,0.279964,-93.69940716828648,1602.0,-0.286007809844041,0.0233628818170299,-0.413991916658738,3.59724808979431
Formic_acid,0,1,1.190107055440812,122.53376441881773,-179.9867361493801,1863.89,-189.755385075711,-189.7462026,3.965194194,87359.270918,11703.045963,10320.468939,0.200637,-0.25632,-0.474381,0.116778,2.1213,3.16315,2.38923,0.755332500829869,-0.298808,-0.014183,0.284625,-115.7684419956995,1758.0,-0.342397468443781,0.00622551943523741,-0.458664875949153,4.41918429907171
Methanal,0,1,1.1990521084298216,122.051388999526,NA,1818.51,-114.496924881433,-114.49142879,2.328606887,284332.402083,39146.373233,34409.003568,0.073941,-0.236618,-0.277043,0.104808,2.102,3.265834,2.520652,0.7718248998571269,-0.27629,-0.055324,0.220966,-84.8883689939135,1748.5862659869383,-0.409129673665919,0.0540597374200435,-0.501973296863637,1.49031916334712
Methyl_acetate,2,5,1.1993697677134445,123.57819810389614,-0.1294380119044575,1819.14,-268.356840221484,-268.29661768,4.53089406,9022.460833,4379.325867,3061.434715,0.279925,-0.284553,-0.505356,0.120759,2.1303,3.084118,2.349707,0.7618732486889283,-0.2758,0.00484,0.28064,-49.69812865524109,1778.0,-0.303624345303664,0.0189284684422281,-0.510039913835409,4.71525709617326
Methyl_benzoate,5,14,1.2079181724678207,124.50647111045494,-0.0297987467045814,1767.3,-460.075181494754,-459.96586459,1.975235856,3540.93592,843.394237,684.078033,0.356412,-0.336829,-0.43916,0.108438,2.0006,3.068573,2.285281,0.7447373746689421,-0.265927,-0.053753,0.212174,-26.301742673193143,1753.5522731632457,-0.267313349537295,-0.0194704701822218,-0.410528116573546,0.925662340771157
Methyl_formate,0,2,1.192207750178634,122.88238862166936,0.0,1837.14,-229.045711874336,-229.01162013,4.22628114,48758.300957,4664.957498,4375.568834,0.200374,-0.261818,-0.455195,0.110821,2.1282,3.16183,2.392945,0.7568227893340249,-0.292018,-0.008963,0.283055,-119.71845008095416,1768.2855843565258,-0.315139107448451,0.0344214538934253,-0.417520739030429,4.48899283531139
Methyl_isocyanate,5,6,1.1722127278659795,180.0,0.0,2367.23,-207.97400740818,-207.95025518,2.969853084,80796.429176,4353.554485,4241.32788,0.222422,-0.235364,-0.354495,0.167659,2.0914,2.965613,2.571008,0.8669398198618633,-0.285866,0.004895,0.290761,-49.22102093294169,2280.775800711744,-0.300240852916348,0.0482603045202796,-0.480167939263781,3.32411298296541
N_N-Dimethylformamide,0,1,1.2142413777210856,125.78604449093906,0.0,1757.97,-248.482894981598,-248.41001214,4.048648463,8946.449839,4198.92595,2963.977698,0.147418,-0.36225,-0.417067,0.038428,1.9977,3.150823,2.475648,0.7857147164407522,-0.251144,0.0162,0.2673439999999999,-82.09557913117413,1698.0,-0.260182227118526,0.0273902295996372,-0.381588931578557,4.26196791149825
N-Methylacetamide,3,5,1.2187767675210257,121.6119007017948,58.16366199080295,1746.85,-248.497100505514,-248.4251779,3.822468081,10060.160943,3844.079184,2881.240605,0.310829,-0.383246,-0.484921,0.054145,1.9925,3.076556,2.343795,0.7618242606342936,-0.252961,0.021162,0.274123,-26.94828942902447,1698.0,-0.258244584948312,0.0260860531623667,-0.355555119794674,4.72492894704169
N-Methylformamide,0,2,1.2128862682634345,125.5567255855736,-179.9826126165975,1774.65,-209.184422683388,-209.13781669,3.987784545,20090.37341,6099.496258,4821.12035,0.184228,-0.361114,-0.438833,0.039506,2.0008,3.132854,2.461778,0.7857940395562639,-0.262187,0.018138,0.280325,-97.10025585500124,1698.0,-0.265457802088984,0.0237074638143554,-0.387117258319933,3.7573547153146
Pentanal,12,15,1.203954039825856,125.1737853994778,123.78947596843676,1804.31,-271.72628101557,-271.61652475,2.707127738,9847.795449,1556.156949,1464.764938,0.089135,-0.265915,-0.294841,0.116985,2.1401,3.260705,2.465918,0.7562530189023539,-0.259688,-0.028095,0.2315929999999999,-11.28491561401875,1743.7659574468084,-0.333223573347753,0.0296095773027137,-0.489326561678264,4.70118260371321
Pentanoic_acid,12,14,1.19691666183114,124.67527257903208,-3.845564876442999,1844.85,-346.980564482988,-346.86600146,4.489170434,4880.531752,1317.631309,1307.229967,0.284906,-0.277594,-0.506718,0.127704,2.1411,3.102157,2.330679,0.7513091697164264,-0.277124,-0.002322,0.274802,-29.279953382425727,1758.0,-0.325320644652795,0.00764186780999041,-0.41745234891604,4.77447819016272
Phenyl_isocyanate,12,13,1.168764554809907,180.0,0.0,2350.42,-399.686441161949,-399.61456336,2.455671618,5316.512084,959.620699,812.894755,0.23531,-0.209905,-0.320252,0.189698,2.102,2.951589,2.571224,0.8711321257803848,-0.245284,-0.033524,0.21176,-66.36850230026934,2274.560175054705,-0.271163089593761,-0.024687450941465,-0.478382928447021,3.36699575661889
Phosgene,0,2,1.173552776906518,124.06775828829272,NA,1866.62,-1033.654061282225,-1033.67164026,1.258897653,7855.61654,3372.58795,2359.572072,0.20211,-0.151712,-0.955131,0.187051,2.1471,3.119105,2.39036,0.7663608631322126,-0.326318,-0.067631,0.258687,-177.2676516849003,1812.8232665,-0.351101890211373,-0.0474100946021418,-0.488909519547335,4.28084561146168
Propanal,7,9,1.2033258043173516,125.18606843770496,0.0685273317402941,1807.86,-193.118444196435,-193.06170962,2.922498759,25656.473546,4342.056168,4187.268548,0.108446,-0.258267,-0.295399,0.116523,2.1398,3.251117,2.463098,0.7576159209280995,-0.260008,-0.033593,0.226415,-3.0908894557446187,1745.2514405000002,-0.360099152958597,0.0376486808322222,-0.446186670602434,4.72341679698943
Propanamide,5,8,1.2157177614421864,123.04003513217864,-146.25612546036726,1764.47,-248.504082748513,-248.43186928,3.743890669,9735.134689,3790.891489,2863.951148,0.275736,-0.350266,-0.47997,0.069228,2.0623,3.075898,2.381626,0.7742864035153311,-0.255765,0.018647,0.274412,-8.814253202919428,1655.9333112208242,-0.275985895115415,0.0217814203693646,-0.398497218866048,4.90610932710223
Propanoic_acid,6,8,1.203183674470777,126.1909534173934,-124.1285370884414,1813.11,-268.381921362499,-268.32052545,1.60231346,10200.347843,3808.09837,2870.047094,0.291919,-0.307386,-0.501805,0.103776,2.069,3.080234,2.336109,0.7584193278822323,-0.285464,0.001229,0.286693,-21.409628269534245,1758.0,-0.330351829401098,0.0277623931502037,-0.503831983753844,4.78936192043721
Propanone,3,5,1.208976035483334,121.79884884461104,0.2423466991571784,1789.01,-193.130682602313,-193.07541447,2.993193929,10179.093667,8537.301819,4924.240302,0.201224,-0.282152,-0.381017,0.126538,2.1442,3.184838,2.390517,0.7505929657960625,-0.25349,-0.019851,0.2336389999999999,43.28279956724142,1738.8929604628736,-0.355854331108463,0.0260597341927934,-0.464735904145963,0.728358243199694
Propenal,1,4,1.2080259091795174,124.35387270569888,0.0077058705879608,1773.71,-191.892797684838,-191.8578836,3.319383118,48254.074269,4669.027785,4257.112791,0.115839,-0.267732,-0.296159,0.114562,2.066,3.23147,2.478896,0.7671109433168187,-0.266832,-0.075585,0.191247,-16.717065680597038,1733.3910046527658,-0.303942432724784,0.0324574482123955,-0.408799264193974,4.63075586041303
Propenoic_acid,6,1,1.2056862864928837,126.22115266591705,-179.9945448006609,1795.91,-267.151550947502,-267.11230412,1.558680687,11109.895893,4252.837872,3075.532438,0.331297,-0.315588,-0.498493,0.099527,2.0564,3.042572,2.339157,0.7688090865228498,-0.289831,-0.062361,0.22747,-24.470930209898743,1758.0,-0.297767391744886,0.0355735812765334,-0.457352401534854,4.68783854273376
Propionic_anhydride,3,7,1.1911637328654705,127.05888387010678,-129.53767987108304,1811.53,-460.315430878295,-460.19622573,3.627494641,5130.119161,727.741131,685.931463,0.306208,-0.251049,-0.430771,0.164943,2.1241,3.118386,2.287058,0.7334108093096877,-0.282447,-0.031444,0.251003,-31.599049205795357,1770.792899408284,-0.303062163210996,0.00648556312601024,-0.492081494700642,4.75665048682836
Propionic_anhydride,8,11,1.1911406804038729,127.0626066539902,-129.59086338438738,1878.63,-460.315430878295,-460.19622573,3.627494641,5130.119161,727.741131,685.931463,0.306209,-0.25088,-0.430663,0.165058,2.1244,3.118375,2.287171,0.7334496332224315,-0.282447,-0.031444,0.251003,-31.55290095879099,1828.3733333333328,-0.303062163210996,0.00648556312601024,-0.492081494700642,4.75665048682836
Propyl_acetate,3,6,1.2004566906615166,123.45228379247573,-0.9320970949570476,1813.13,-346.969512096962,-346.85624047,4.446708434,5594.425927,1372.667186,1202.848201,0.27006,-0.289213,-0.504826,0.116627,2.1353,3.087896,2.35389,0.7622957508931647,-0.272655,0.007366,0.2800209999999999,-51.87504138784261,1763.6470588235295,-0.298820879601708,0.0181345490429509,-0.508259095214619,4.71638047087179
Succinimide,6,7,1.2034630246455431,127.88561210562032,-57.96075896932451,1848.45,-360.643478723735,-360.58161833,2.071399807,5936.450334,2266.248347,1673.823585,0.20262,-0.287372,-0.411795,0.110316,2.1501,3.105911,2.429796,0.78231346616178,-0.272243,-0.030722,0.241521,-14.33200675613099,1772.589552238806,-0.301351040925695,0.0061233506345576,-0.428637609701289,4.75958828882041
Succinimide,10,8,1.203471930362732,127.88772520843716,-57.958665166292576,1802.23,-360.643478723735,-360.58161833,2.071399807,5936.450334,2266.248347,1673.823585,0.202492,-0.287332,-0.411825,0.110314,2.1501,3.106024,2.429786,0.7822817853306993,-0.272243,-0.030722,0.241521,-14.343729695481652,1750.0,-0.301351040925695,0.0061233506345576,-0.428637609701289,0.743083472995055
2-Pyrrolidone,3,4,1.2124222786063443,127.28223698789294,44.440448912034256,1791.55,-286.596589872685,-286.51465974,4.172705295,7204.907418,3456.131872,2471.877998,0.192048,-0.338401,-0.45101,0.0637,2.1142,3.094624,2.451263,0.7921036610586617,-0.248242,0.022493,0.270735,-14.587753662257017,1698.0,-0.260206236618845,0.025039035529015,-0.441374603896791,4.28701932535982
3-Methyl-2-butanone,5,12,1.210250581012461,120.75366541183335,16.464116695803476,1777.44,-271.73758599348,-271.62820846,2.978581723,4549.949075,2727.161608,2385.175899,0.200551,-0.281359,-0.330756,0.129268,2.1531,3.184803,2.392278,0.7511541530198258,-0.246499,-0.018328,0.2281709999999999,89.48086535829356,1731.4251968503936,-0.339540332017984,0.0243547406779578,-0.372490168378581,0.728675311641238
Acetylacetone,2,6,1.2080265444666356,123.28533735192124,-6.977073151680247,1766.86,-345.76048295633,-345.67135575,1.54060066,4136.263725,1963.932105,1547.199412,0.188263,-0.282357,-0.34775,0.135453,2.1012,3.183797,2.397117,0.7529113822269448,-0.259896,-0.053402,0.206494,59.77544175140373,1622.6080586080586,-0.273689284611687,-0.00787790578015466,-0.443268537799961,4.80202087206003
Acetylacetone,8,12,1.2080122793258357,120.73999299620004,-152.97738937205787,1796.17,-345.76048295633,-345.67135575,1.54060066,4136.263725,1963.932105,1547.199412,0.188408,-0.282426,-0.34773,0.135445,2.1009,3.183754,2.397032,0.7528948530571143,-0.259896,-0.053402,0.206494,59.76944224656047,1725.6842105263158,-0.273689284611687,-0.00787790578015466,-0.443268537799961,0.722081394039487
Caprolactam,15,17,1.2217142520037163,120.1596576455158,24.854924283496693,1729.2,-365.199513392324,-365.062249,4.293306043,3284.797467,1820.338747,1305.152666,0.185609,-0.359979,-0.45651,0.050504,2.0798,3.098468,2.438233,0.7869156628372472,-0.24498,0.014864,0.259844,-1.1678847469206843,1698.0,-0.250255694767324,0.027953564220395,-0.377686557847601,4.8141681489638
Crotonaldehyde,8,6,1.2120732495992148,123.2670615562194,-0.0409660188833643,1754.55,-231.199997189646,-231.13923235,4.031440019,16622.097241,2711.472391,2364.924609,0.111679,-0.282243,-0.296536,0.104372,2.0553,3.242068,2.475651,0.7636024290668795,-0.257138,-0.06746,0.1896779999999999,-8.274392645457093,1722.5833743236597,-0.283528120687212,0.0330064814732381,-0.39712008189422,0.376623647978441
Cyclopentanone,9,11,1.2039773199371324,125.80695242537207,43.18133046087695,1813.42,-270.530839828459,-270.43880131,3.144548415,6641.029502,3353.440564,2406.060524,0.143843,-0.271952,-0.315336,0.129024,2.1584,3.209143,2.426888,0.7562417754522002,-0.245008,-0.02433,0.220678,73.86432726502234,1765.6528925619834,-0.340671045563348,0.0248256727668992,-0.407830425397732,0.718772159634566
Diethyl_carbonate,8,9,1.2003848681252194,122.09689540953198,0.0,1810.39,-422.204372825245,-422.08636717,3.690306676,3227.546924,1359.882349,1110.104657,0.416195,-0.335873,-0.638531,0.091643,2.0353,2.984125,2.252799,0.7549278264147782,-0.289281,0.027819,0.3171,-145.52882723185024,1764.9105691056911,-0.300364190719339,0.0447882905408261,-0.494981739679558,4.76055205171075
Dimethyl_succinate,5,7,1.2055159101434538,125.64789112400835,-134.4093545255886,1785.67,-535.539105923272,-535.41574297,0.664934862,5086.978635,467.22516,435.450475,0.321818,-0.330634,-0.4796,0.10823,1.9908,3.097494,2.287895,0.738627742297483,-0.280923,-0.001759,0.2791639999999999,-42.39245480947916,1738.0,-0.288631372932233,0.00820777035613293,-0.40430486756543,5.06061296976155
Dimethyl_succinate,14,15,1.205514614453927,125.6456559786894,-135.06941031145382,1789.72,-535.539105923272,-535.41574297,0.664934862,5086.978635,467.22516,435.450475,0.321579,-0.330643,-0.479609,0.108211,1.9906,3.097697,2.28796,0.7386003214646235,-0.280923,-0.001759,0.2791639999999999,-42.39976306554372,1764.1136571952338,-0.288631372932233,0.00820777035613293,-0.40430486756543,5.06061296976155
Ethyl_chloroformate,0,1,1.1823847250920487,124.51351123680467,0.0,1872.04,-727.928781801875,-727.87919293,4.05954517,5073.023126,1815.504595,1359.780823,0.296478,-0.219846,-0.76227,0.153765,2.1374,3.063482,2.322103,0.7579946609772801,-0.307534,-0.012433,0.2951009999999999,-155.09853590950587,1778.0,-0.325920463204944,-0.000188329106817666,-0.460117241163626,4.29142577927472
Ethyl_propionate,7,10,1.2004785540662526,123.66864587975029,123.3554598890867,1810.68,-346.969642327677,-346.85625952,4.383236762,5917.576315,1393.363336,1160.145655,0.278692,-0.289215,-0.477108,0.123445,2.1103,3.074705,2.355751,0.7661713887999012,-0.272126,0.008844,0.28097,-33.69311721091742,1760.4381161007666,-0.298635449468666,0.0178130630190653,-0.411548359150659,4.79292865762535
Fluorenone,6,18,1.2096496555093958,127.54325598245202,-0.0222713117161165,1784.19,-575.350028813059,-575.21564355,3.487166426,1452.941083,586.63226,417.902198,0.123882,-0.263477,-0.231317,0.141635,2.301,3.146084,2.491103,0.7918107081692669,-0.237273,-0.091555,0.145718,73.74956589356458,1733.6065276518586,-0.258694640336573,-0.0503083944956817,-0.258694640336573,0.866221841526156
Hexanal,16,17,1.2034301804197036,125.44063710194276,3.75436536393804,1806.6,-311.029885916002,-310.89379196,2.986919387,5456.094925,1053.143163,935.519809,0.08701,-0.257871,-0.296986,0.115588,2.1414,3.262727,2.471762,0.7575754882342286,-0.257802,-0.031389,0.2264129999999999,-3.3484489296619664,1742.6060606060605,-0.327634901465728,0.0320922590245299,-0.376908822430214,4.74222161403018
Isobutyryl_chloride,3,5,1.1801993523028216,127.39319038219608,-0.0038980782463131,1868.76,-692.011248267426,-691.93854471,3.083111918,3506.739633,2173.967184,1895.754347,0.203405,-0.18461,-0.541096,0.18969,2.1669,3.20118,2.348196,0.7335407568459131,-0.295171,-0.042223,0.252948,16.11054333836794,1811.5570648070175,-0.319789870951198,0.0122569929210072,-0.464669777433771,4.7810327027974
Isovaleraldehyde,11,15,1.2037481939400785,125.3702932785251,-1.8181207480165689,1805.15,-271.727699237458,-271.61822238,2.9989965,7098.042532,1981.650464,1694.987259,0.089288,-0.256691,-0.29486,0.116107,2.1446,3.263596,2.469366,0.756639608579003,-0.257858,-0.031773,0.2260849999999999,-0.4199589201955956,1745.0032154340836,-0.338978529043767,0.0293694684267157,-0.477889414612442,1.47160016258751
Methyl_acrylate,5,6,1.2025573558134346,120.26351409979186,-37.98224353100272,1789.17,-306.424822512885,-306.36065977,4.548307339,4172.590976,4056.292301,2192.971822,0.311498,-0.283255,-0.478185,0.133153,2.0683,3.063279,2.34002,0.7638938536124199,-0.276854,-0.053765,0.2230889999999999,-44.30332108881496,1761.7861829409494,-0.300922719269002,0.0262905535960488,-0.417846001034609,4.97486301869709
Methyl_methacrylate,3,8,1.2021658008403002,121.04100768561436,13.69452761704422,1790.23,-345.734835359978,-345.64466377,4.242056985,3505.449468,2370.574271,1720.394798,0.299983,-0.28379,-0.446943,0.134366,2.0896,3.067389,2.345904,0.7647885546958667,-0.272629,-0.040026,0.232603,-13.774680726350192,1746.9088937093277,-0.286784142659118,0.0266435723594405,-0.408027224004791,5.09157696427477
Methyl_propionate,4,6,1.199753408518184,123.80434739654652,123.34964589912352,1814.9,-307.660946877463,-307.57395654,4.379898776,6219.689421,2577.211479,1885.952768,0.290091,-0.286625,-0.478115,0.126232,2.1056,3.071504,2.348426,0.7645850371674593,-0.274773,0.006643,0.281416,-32.85435302421022,1771.5479256080114,-0.302424772626513,0.0187527082705083,-0.39985879455315,4.8064709212519
Methyl_trifluoroacetate,0,2,1.1960031596714118,123.2741348687428,179.6991843794527,1835.71,-566.121942643512,-566.0881581,3.022813261,3590.063435,1510.889914,1322.248561,0.232583,-0.269956,-0.477834,0.155562,2.0337,3.111825,2.369356,0.7614039992608838,-0.318215,-0.041141,0.277074,23.95915656325645,1778.5178600000002,-0.343379321751753,0.0345631873459462,-0.426971520803227,4.61466567704981
Methyl_vinyl_ketone,4,5,1.2127436954752642,122.03799195660298,179.8859178373574,1770.24,-231.204950350463,-231.14472507,2.81589834,10252.248565,4002.529792,2930.600531,0.257821,-0.301025,-0.351462,0.126514,2.0674,3.144375,2.374852,0.7552699662095012,-0.256861,-0.066338,0.190523,56.397456621952976,1712.2417083550386,-0.289550041072235,0.0385101725706918,-0.421977629046394,0.701459338909864
N_N-Diethylformamide,3,17,1.2161059559438068,125.1336797347714,0.0,1747.58,-327.094469755726,-326.96766706,4.089857717,3298.30915,2122.546362,1501.644203,0.138882,-0.367761,-0.414486,0.037906,1.9781,3.152759,2.481731,0.7871616574562152,-0.247932,0.015004,0.262936,-86.94571780795552,1698.0,-0.256310935679395,0.0300759327845132,-0.37410069454533,4.24987494033063
N_N-Dimethylacetamide,0,4,1.2217960103311027,120.43521146333154,0.32621016599873,1720.01,-287.791060200027,-287.69283388,3.863422338,4930.403133,3404.401186,2092.825416,0.263541,-0.381549,-0.456606,0.052255,2.0073,3.088108,2.372647,0.7683173645481312,-0.243077,0.023535,0.2666119999999999,-8.02681660378524,1690.8461538461538,-0.249110696659944,0.0244431587044631,-0.354931473951577,4.79486417183418
p-Anisaldehyde,3,16,1.2107910226199234,125.28672943894829,0.0016017222795822,1762.23,-460.046087189101,-459.93767206,4.234592623,4194.941146,717.953042,615.432973,0.089763,-0.290917,-0.269845,0.099154,2.0899,3.262063,2.474179,0.7584706365266397,-0.242386,-0.061509,0.1808769999999999,7.373216059115313,1719.200376293509,-0.255648923719948,-0.0258521929045669,-0.399968658107954,4.51728055147062
Propyl_benzoate,7,12,1.20257880691662,122.00026594023038,-0.7699631332848155,1785.26,-538.671015381077,-538.50898042,4.550447115,1475.233988,548.655647,453.603308,0.281757,-0.279283,-0.44253,0.132465,2.1223,3.052656,2.375295,0.7781076544491092,-0.261707,-0.04892,0.212787,-34.535686378945975,1742.1129943502824,-0.272004416009079,-0.0262080204067056,-0.401295365029938,5.018609412327
Trifluoroacetic_acid,2,5,1.18882159170079,120.50261924444892,0.0,1887.39,-526.824892393822,-526.81705966,2.876877036,3803.003057,2488.886638,2049.761861,0.21768,-0.232061,-0.491651,0.179496,2.1292,3.120134,2.372391,0.7603490747512767,-0.324422,-0.051283,0.2731389999999999,16.737576625712013,1686.019801980198,-0.366729235788091,0.0106609718911364,-0.494420562345561,4.52848289441071
γ-Butirolactona,1,0,1.1948603870297985,128.5390164798125,40.02182045717949,1853.79,-306.465136935948,-306.39546911,4.682884151,7306.982066,3580.192885,2555.084858,0.247211,-0.274882,-0.468683,0.124482,2.149,3.100841,2.373855,0.76555199057288,-0.275448,0.002251,0.277699,-35.34364587696888,1798.0,-0.304156394650644,0.0211261490602629,-0.428860166509037,4.72308811331951
1-Indanone,1,0,1.2092361262474751,125.78706396158456,57.64477333486972,1782.49,-422.943777984583,-422.83099927,3.646641778,2566.411955,1267.86511,857.534931,0.148304,-0.289367,-0.285443,0.122107,2.1714,3.172148,2.454873,0.7738835010220204,-0.248539,-0.062482,0.186057,72.71508550926421,1740.8181818181818,-0.261971025619691,-0.0236146409068129,-0.402544506051641,0.815866330492326
1-Tetralone,1,0,1.214761493260714,121.18090871260932,-26.01500571116667,1748.89,-462.251962322408,-462.11069315,3.494475194,1889.855433,1075.769542,702.833843,0.20157,-0.302633,-0.284583,0.123738,2.0975,3.151652,2.41585,0.7665345031748428,-0.247982,-0.061604,0.186378,87.87212800770311,1712.5113974231913,-0.258215248616306,-0.0196688344334092,-0.414757699157835,0.810419698006901
1_3-Indandione,1,0,1.2069619204146416,126.5154367672287,-59.543720766780616,1810.58,-496.966003938699,-496.87300701,3.224371941,1661.267792,1213.208903,704.201517,0.12498,-0.2695,-0.276592,0.142006,2.1633,3.205223,2.444779,0.7627484889506908,-0.256853,-0.08942,0.167433,73.06535876072705,1735.15424610052,-0.284629201450932,-0.0745715254643246,-0.436008132877933,0.823295979574894
1_3-Indandione,3,4,1.2069545681080958,126.5127503861188,59.508015315827706,1782.44,-496.966003938699,-496.87300701,3.224371941,1661.267792,1213.208903,704.201517,0.124953,-0.269505,-0.276579,0.142014,2.1633,3.205198,2.44484,0.7627734698449207,-0.256853,-0.08942,0.167433,73.06577617364064,1602.0,-0.284629201450932,-0.0745715254643246,-0.425762845906969,0.779610870883829
2-Acetylpyridine,1,2,1.2130473990582562,122.4539307503862,-0.252933465203732,1761.37,-400.880020475238,-400.78686001,3.177438933,3768.276381,1270.442263,955.631856,0.191549,-0.294722,-0.311402,0.132023,2.0979,3.180855,2.397616,0.7537646324651706,-0.252582,-0.073402,0.1791799999999999,69.99927037370091,1721.0894020130254,-0.278470285686641,-0.0410419839216677,-0.362881518394865,4.82392645212385
2-Acetylthiophene,1,2,1.216769210516111,121.59091692619889,0.1198348045625419,1728.7,-705.589112007136,-705.51757791,3.670613449,3585.314079,1416.545358,1021.799551,0.181197,-0.301047,-0.368765,0.117709,2.0968,3.178877,2.396911,0.7540118727462559,-0.254573,-0.0699,0.1846729999999999,123.49487981109368,1699.7298541826551,-0.259946624421892,0.00985524672279392,-0.4427153524249,0.755648382314511
2-Bromobenzaldehyde,1,0,1.208797994183478,123.3867984127972,-9.5248405358335e-05,1763.47,-2918.970097161619,-2918.90442651,3.356169475,1572.028145,925.122093,582.391062,0.113123,-0.27679,-0.259467,0.118951,2.0881,3.255352,2.458392,0.7551846927766951,-0.265386,-0.083883,0.181503,16.2828047113306,1715.8754863813228,-0.266702250507322,-0.0383085599134199,-0.443548727747801,4.33783383748887
2-Bromobenzoic_acid,1,2,1.2028295288119593,126.405662717618,25.91734276107705,1799.58,-2994.223074395971,-2994.15277853,3.139113656,1203.289954,890.114446,518.831068,0.3126,-0.285048,-0.465917,0.11848,2.067,3.046134,2.345124,0.7698689552068295,-0.255977,-0.065232,0.190745,13.618547157262276,1758.0,-0.271938581554309,-0.0342683771942536,-0.414744664454079,4.59009761864576
2-Chlorobenzoic_acid,1,2,1.2070057139160528,123.1684960033766,-13.530962264340754,1778.12,-880.342587299189,-880.27081601,1.885914959,1473.962744,1181.279496,672.514793,0.296598,-0.31246,-0.471526,0.105317,2.0416,3.06128,2.346131,0.7663888961480165,-0.261599,-0.063038,0.198561,-2.90616684772909,1758.0,-0.27719878332855,-0.0330359871405733,-0.417570614265951,4.52723237343514
2-Ethylbutanal,5,6,1.20410638948558,125.8899231726693,-111.7830688300639,1800.15,-311.026544588535,-310.88967783,2.776225408,2707.012654,2303.018087,1706.984845,0.04563,-0.269578,-0.274225,0.118319,2.1233,3.283345,2.487897,0.7577324344532785,-0.255106,-0.029387,0.225719,17.685026126943562,1744.5,-0.319592477257162,0.0262893953424472,-0.485092249030713,4.79732743904533
2-Furaldehyde,1,0,1.2116230838693196,123.86205283588404,-0.0054523132822799,1755.86,-343.318928199142,-343.26912559,3.715519998,8259.282873,2045.211424,1639.282756,0.056202,-0.283724,-0.285212,0.106516,2.1108,3.283568,2.490405,0.7584447771448619,-0.256967,-0.073373,0.183594,-14.25681927171635,1725.1879522126872,-0.267842225373441,0.0113374364710142,-0.440209703075917,4.23087072981382
2-Heptanone,1,2,1.209662370190129,121.6257599875244,-11.52109125911196,1783.51,-350.345091473931,-350.18245682,2.714772118,3276.922902,968.147803,909.533899,0.210571,-0.294598,-0.351439,0.130234,2.0977,3.17356,2.385973,0.7518285458601696,-0.250504,-0.019041,0.231463,56.38457776275094,1730.6615969581749,-0.316353867274019,0.0218616389184883,-0.353905470153051,0.65323472750428
2-Hexanone,1,2,1.2095404370594642,121.60601493505489,12.033563486711383,1783.86,-311.042396255837,-310.90659751,2.741529999,5799.462507,1239.129714,1155.179181,0.205182,-0.296345,-0.352254,0.129658,2.09,3.174873,2.389379,0.7525904185773731,-0.251399,-0.018857,0.2325419999999999,52.56030455827516,1731.717521652232,-0.323966514704173,0.0265800456024616,-0.355518367691537,4.80702573807009
2-Methylbutanal,4,5,1.2034084688026754,125.4605452775252,3.7691455365167377,1805.28,-271.726465659174,-271.61702554,3.001627972,5992.856542,2138.937981,1735.63892,0.092178,-0.255244,-0.269955,0.118719,2.1492,3.26325,2.468553,0.7564706963916341,-0.255055,-0.030404,0.224651,21.758282867566997,1743.0263157894738,-0.338353695489656,0.0314787863523937,-0.382261602375701,5.02384769478871
2-Methylbutanoic_acid,4,5,1.2041942597454949,125.78852821810644,155.2846218181528,1806.28,-346.990133523878,-346.875539,1.559371611,3174.93897,2146.486668,1648.572717,0.267886,-0.311092,-0.480583,0.104467,2.0644,3.095293,2.350168,0.7592715778441653,-0.28158,0.00013,0.28171,6.275604940195645,1758.0,-0.326492716452982,0.0292840077323949,-0.466819336481577,4.85062195532344
2-Methylpentanal,5,6,1.2033549691483392,125.58332089423324,-121.38010320307038,1802.82,-311.031445509651,-310.89538762,2.945616421,5937.020979,1198.759884,1066.64896,0.076769,-0.259839,-0.272911,0.121915,2.154,3.274506,2.468462,0.7538425643440568,-0.256894,-0.029004,0.22789,15.904712699412222,1742.403470715835,-0.33529296149721,0.0289357832416263,-0.389350154504178,5.05101610096476
2-Methylpropanoic_acid,3,4,1.204017516250075,125.61832562033382,0.1149938543084555,1808.16,-307.685107423066,-307.59722344,1.838622027,4950.583397,2677.689237,2573.312025,0.266626,-0.30062,-0.481493,0.101464,2.0988,3.099323,2.351357,0.758667941353644,-0.27862,0.0018,0.28042,7.857940296213087,1758.0,-0.327919247847064,0.0231249798831539,-0.374978353750762,4.80890568662961
2-Octanone,1,2,1.2101034552049674,121.80486724167004,-9.572778083349007,1782.37,-389.647468036894,-389.45837646,3.045991286,3483.82989,527.875391,502.029946,0.224755,-0.290441,-0.354079,0.126665,2.134,3.173235,2.379166,0.7497604179961459,-0.247385,-0.018258,0.229127,56.80191306920322,1733.6719576719577,-0.319319028030274,0.0272326839270685,-0.464169826271821,0.734949533578896
2-Phenylacetaldehyde,1,0,1.202320514407452,124.62693923003016,1.2725096886234672,1803.54,-384.824269644824,-384.71976151,2.845505186,4081.074701,988.049458,862.778487,0.095476,-0.254845,-0.281495,0.120044,2.136,3.259702,2.468863,0.7573891723844695,-0.250905,-0.042294,0.208611,-11.162918601234484,1742.8858800773694,-0.266178247375904,-0.0236749227076345,-0.450240070032446,4.77725129844847
2-Pyridinecarboxaldehyde,1,0,1.206758429624173,124.1420659673046,0.0208238394488968,1781.28,-361.564960845676,-361.49767368,3.793624885,5413.268367,1621.420868,1247.700712,0.095377,-0.271342,-0.252589,0.120015,2.1089,3.262946,2.470119,0.7570211091449262,-0.265152,-0.083394,0.181758,3.4787494820518345,1735.6469041466758,-0.284431256132495,-0.0470796544580281,-0.445432193750298,4.86758152009216
2-Thiophenecarboxaldehyde,1,0,1.2113761214672345,125.159598151807,0.0168542458874272,1748.19,-666.275301682225,-666.22952689,3.964750778,5101.744688,1885.783366,1376.851047,0.04689,-0.284799,-0.314776,0.10017,2.1012,3.276405,2.492225,0.7606584045623175,-0.26142,-0.07816,0.1832599999999999,52.56441413690813,1705.9721518987342,-0.266703886324279,0.00729271720650078,-0.437075218236481,4.26904360331151
2_3-Butanedione,1,2,1.2080711885240871,124.2613732186545,-0.3011049262510317,1784.52,-306.449456630568,-306.3874552,0.002330745,5316.314364,3369.737913,2115.476857,0.176688,-0.263429,-0.317604,0.158256,2.0751,3.201887,2.396941,0.7486026208919927,-0.251656,-0.09335,0.158306,87.57630887036923,1732.607277289837,-0.322945102566909,0.0270434307210111,-0.432725420963763,0.852874081589965
2_3-Butanedione,3,5,1.2080715919853424,119.32631182794034,-0.0465984797996247,1782.01,-306.449456630568,-306.3874552,0.002330745,5316.314364,3369.737913,2115.476857,0.176701,-0.263447,-0.317593,0.15824,2.0751,3.201893,2.396923,0.7485955964174943,-0.251656,-0.09335,0.158306,87.57779227893734,1698.0,-0.322945102566909,0.0270434307210111,-0.432725420963763,0.852874081589965
2_3-Pentanedione,1,2,1.208040191823931,124.14214401030524,-0.3893537669999123,1783.64,-345.753702234406,-345.66491581,0.173736806,5135.359524,1772.097978,1349.788208,0.183203,-0.263442,-0.31522,0.157649,2.0859,3.198091,2.393135,0.7483010958725065,-0.249272,-0.091181,0.1580909999999999,84.86075471589535,1728.2759889604415,-0.32147191800263,0.0285450397381277,-0.440135442458033,0.479823772657902
2_3-Pentanedione,3,4,1.208526951395789,119.1851412497151,-179.9965525324523,1778.95,-345.753702234406,-345.66491581,0.173736806,5135.359524,1772.097978,1349.788208,0.149425,-0.272633,-0.293147,0.162472,2.0505,3.215091,2.408706,0.749187503557442,-0.249272,-0.091181,0.1580909999999999,103.2275521232161,1698.0,-0.32147191800263,0.0285450397381277,-0.397386903175721,0.870822417134965
2_5-Dimethylbenzaldehyde,7,8,1.2102302366880444,126.786056742624,-0.0275944687264196,1763.63,-424.140659502517,-424.01096094,3.489441699,2505.429393,993.206022,717.482632,0.066493,-0.289154,-0.263486,0.109662,2.0818,3.282465,2.476657,0.7545113199988422,-0.250278,-0.06762,0.182658,4.459969990620292,1718.264861683343,-0.25540541868534,-0.0168253538039765,-0.390400057552907,4.38640266178532
3-Acetylpyridine,1,2,1.213170523896373,120.95325510455592,0.4072600947229557,1754.97,-400.875947460226,-400.78258686,4.350659325,3784.884363,1234.654186,936.367703,0.222673,-0.288375,-0.313506,0.136296,2.0884,3.158881,2.384708,0.7549217586860663,-0.25681,-0.075673,0.181137,66.97637490530568,1713.0029779630734,-0.279212218379865,-0.0426866422322173,-0.436109161422785,0.608844989965606
3-Chlorobenzoic_acid,1,2,1.2058616144205772,124.8350757456796,-0.0172970211244069,1789.45,-880.350961381261,-880.27901756,2.826244129,2285.888828,694.521644,532.678095,0.329548,-0.309325,-0.458048,0.10685,2.0587,3.027484,2.349886,0.776184448869094,-0.263206,-0.069362,0.193844,-5.787561531697894,1758.0,-0.2827733302398,-0.0337689201215825,-0.466746666113197,0.838513141397063
3-Fluorobenzaldehyde,1,0,1.2070081674823083,124.73234668821446,-0.0154932641637838,1777.03,-444.775838562068,-444.70631295,2.12049062,3672.445101,1116.484789,856.189281,0.091849,-0.268287,-0.256042,0.120405,2.1059,3.26766,2.466522,0.7548282257027965,-0.270936,-0.082023,0.188913,-0.3702042738604792,1725.9650986956524,-0.271795392927957,-0.0323093392027056,-0.448784219438344,4.38646956533274
3-Hexanone,2,3,1.2097105911109485,121.89001165120538,131.15528187232152,1781.36,-311.042446856801,-310.90689553,2.63710835,7928.856224,1120.598394,1013.176914,0.200298,-0.299545,-0.324998,0.136766,2.0689,3.182749,2.383686,0.7489393602825734,-0.249244,-0.016137,0.233107,68.30583928704506,1727.8333333333333,-0.333027550239198,0.0225781833505226,-0.478327700245358,5.13625623151683
3-Methoxybenzaldehyde,7,8,1.2079405361602036,124.95470393210007,-0.0199787636657702,1773.21,-460.043220153215,-459.93501098,4.697093359,3497.497457,773.754817,636.148073,0.088641,-0.273834,-0.257046,0.114069,2.108,3.268194,2.469962,0.7557574611543869,-0.240499,-0.069124,0.171375,1.923803385202428,1723.0061500615006,-0.261375859700401,-0.0192433036233148,-0.414299617735579,0.750043133042722
3-Methoxybenzoic_acid,7,8,1.2066094074144291,125.121712626745,-0.0168209181834955,1786.86,-535.301774669674,-535.18898097,3.204275646,2523.396102,659.685895,524.71177,0.324602,-0.3151,-0.455934,0.101391,2.0617,3.03038,2.354294,0.776897286808915,-0.236489,-0.055453,0.181036,-5.703844491407988,1758.0,-0.269524535953121,-0.011784829341287,-0.455221880143009,0.862453657019705
3-Methylbutanoic_acid,4,5,1.2037309896098047,126.27444515388152,-143.8528058033872,1808.96,-346.990852212961,-346.87642634,1.404298642,4922.154436,1515.143777,1358.99156,0.278197,-0.310749,-0.498354,0.102542,2.0587,3.082583,2.347737,0.761613555904253,-0.284815,-0.00012,0.284695,-25.180882557492524,1758.0,-0.327924201227937,0.0265475445261217,-0.484050282700161,4.73717199790842
3-Methylpentanal,5,6,1.203790254578845,125.41368097950117,-1.4938595845630775,1804.77,-311.030543122063,-310.89447198,3.075657357,6609.804057,1199.715433,1091.376302,0.084974,-0.256505,-0.295477,0.115778,2.1468,3.266812,2.470306,0.7561824800447654,-0.257109,-0.031226,0.2258829999999999,-1.9246218782197708,1744.5556690500512,-0.33264439133807,0.0289850023474379,-0.473222629048381,5.0755329486235
3-Nitrobenzoic_acid,1,2,1.2044058697009077,124.60165660060125,0.0781702722351703,1796.5,-625.293952554978,-625.21155183,5.378160196,1940.407475,595.458936,455.636451,0.324196,-0.298773,-0.459747,0.116231,2.0682,3.028104,2.352735,0.7769663789618851,-0.297851,-0.106056,0.191795,-26.32598741421736,1758.0,-0.30341152090044,-0.0792855977406737,-0.477832654085067,0.830954881230017
3-Octanone,4,5,1.2111267911895105,121.05284813181764,-1.6704088487037425,1772.45,-389.647822637514,-389.45742829,3.047741296,2655.475307,785.704258,713.08815,0.156978,-0.279995,-0.332241,0.129628,2.1725,3.205514,2.410399,0.7519539768037201,-0.243009,-0.01896,0.224049,83.76893311999947,1727.2076923076922,-0.328810668039242,0.0236490205691722,-0.24300853236252,0.805882506687693
3-Phenylpropanoic_acid,1,2,1.2039630131947576,125.83014358244922,-151.39678677111635,1807.45,-499.391746449508,-499.25502176,1.451514899,2145.357788,663.45324,613.281143,0.278842,-0.317302,-0.498204,0.10208,2.0415,3.089098,2.340744,0.7577435225428264,-0.24733,-0.013019,0.234311,-24.275494648578245,1758.0,-0.253685996104003,-0.00901330362421976,-0.507366599612774,4.81353854648619
3-Pyridinecarboxaldehyde,1,0,1.2070814919204915,124.89979327685018,-0.0707375895709669,1777.92,-361.562585196671,-361.49537692,4.025029254,5396.17304,1598.717162,1233.322447,0.094971,-0.265537,-0.260025,0.121886,2.1071,3.263248,2.467034,0.7560056728756135,-0.264931,-0.084803,0.180128,-0.140935685415741,1730.1725888324872,-0.286128063022774,-0.0500209732936881,-0.448099138240746,4.38596873889612
3_3-Dimethyl-2-butanone,1,2,1.2096940854170528,120.22888093496852,18.773689679187587,1773.26,-311.042885093261,-310.90705773,2.823987026,3194.87995,2304.354221,1920.048842,0.202529,-0.282766,-0.305672,0.137857,2.1355,3.188309,2.384171,0.7477854248129651,-0.246253,-0.018028,0.228225,120.1779124601134,1724.525754884547,-0.334897075700442,0.0225234579843543,-0.357086354523624,0.757495444960263
3_4-Dimethoxybenzaldehyde,6,7,1.2116128726891275,125.23828606135658,-0.0041486074951758,1755.83,-574.559939739809,-574.4220529,4.085143835,1389.53509,681.895759,460.096066,0.088768,-0.297058,-0.269635,0.095079,2.0789,3.260282,2.476879,0.7597131168408131,-0.225075,-0.058278,0.166797,15.689855658840523,1718.112849691797,-0.253699868813047,-0.0107969992299463,-0.468712662724087,4.27593793707641
3_5-Dimethylbenzoic_acid,7,8,1.2075154665829335,125.09390575335824,0.1015850546699558,1782.6,-499.400613506754,-499.26769878,2.471996329,1545.928918,862.778583,557.566033,0.322268,-0.319003,-0.456336,0.097371,2.0594,3.028349,2.359177,0.7790307524000701,-0.250626,-0.054899,0.195727,-7.036300869894696,1759.22776,-0.259945549521086,-0.0130136295023963,-0.45440344855877,0.832139118265422
4-Acetylmorpholine,1,2,1.2211666407534234,120.85427170398012,-0.954641342600636,1720.08,-440.410321955794,-440.27116156,3.024188172,3172.304304,1207.357041,940.015507,0.255883,-0.377967,-0.452298,0.057073,2.0003,3.093035,2.373433,0.7673476051839051,-0.2412,0.013585,0.254785,-15.41216234463898,1689.345259391771,-0.254402319845044,0.0300838168711342,-0.360027214144197,0.73080477514865
4-Acetylpyridine,1,2,1.2117309183700813,121.32249138254544,-0.2769999722000836,1761.47,-400.875671878143,-400.78227962,2.431481797,3847.103646,1213.697118,927.914413,0.216619,-0.282096,-0.305789,0.143042,2.0954,3.166901,2.384767,0.7530285916736899,-0.26613,-0.083622,0.1825079999999999,64.31310461362592,1717.2149292149293,-0.276556534045056,-0.0320618709437811,-0.439639755745098,0.600396168072882
4-Bromobenzaldehyde,1,0,1.208045012724278,124.8053523741366,0.0128676182733766,1772.1,-2918.973400284104,-2918.90756022,2.221829448,5066.615584,459.042225,420.907452,0.093532,-0.273502,-0.260227,0.11596,2.1,3.264298,2.468351,0.7561659505351533,-0.265221,-0.082486,0.1827349999999999,4.753359305950739,1723.544103072349,-0.270930954255472,-0.0412903355122264,-0.441345842319748,4.29741385987008
4-Chlorobenzaldehyde,1,0,1.20818904251156,124.84646071099272,0.0644058671527946,1771.68,-805.092982711128,-805.02549223,2.278390632,5102.877536,687.073568,605.540928,0.092882,-0.274642,-0.260965,0.114909,2.0993,3.26433,2.468828,0.7563046628251432,-0.267999,-0.081216,0.1867829999999999,5.910388713569821,1723.904587155963,-0.270081052998044,-0.0404669568627432,-0.443309666006287,4.30438685418609
4-Ethylbenzoic_acid,6,7,1.207690163812308,125.09663171972488,-0.5609978080781095,1782.44,-499.397440432543,-499.26132347,2.583964588,3215.248264,558.351475,499.218725,0.32346,-0.319568,-0.459897,0.096556,2.0582,3.026966,2.35829,0.7790936535131219,-0.259261,-0.054444,0.204817,-7.872420423123861,1759.25,-0.266514756126841,-0.0202653144953739,-0.454464463603959,4.5575794436323
4-Methoxyacetophenone,1,2,1.2163084289114336,120.3317030573198,0.0674248365707013,1739.47,-499.358259442851,-499.22369026,4.812191854,3302.320557,572.705956,491.070269,0.217075,-0.307876,-0.317669,0.118108,2.0804,3.154906,2.395521,0.7593002770922493,-0.23799,-0.052983,0.185007,75.62065588348234,1699.9001919385796,-0.249062266909024,-0.0210940408248886,-0.363832886931059,0.794966356119932
4-Methyl-2-pentanone,1,2,1.2103313285596635,121.2527322882782,-10.179526029048755,1779.03,-311.042592118064,-310.9068578,3.099348855,4352.296133,1504.826967,1459.216067,0.195863,-0.281183,-0.355094,0.128159,2.1556,3.189654,2.390898,0.7495791079534019,-0.247779,-0.019793,0.227986,65.04117377504626,1731.8393351800553,-0.332218884547491,0.0221223117375127,-0.365366726048635,0.75416406716457
4-Methylacetophenone,1,2,1.2149902725507722,120.4976102192995,-0.2683709244922491,1745.92,-424.147109819335,-424.01716914,3.561579342,3640.000486,787.294769,652.523075,0.217079,-0.301219,-0.313218,0.124129,2.0866,3.159199,2.391806,0.7570925414954867,-0.25229,-0.059764,0.192526,71.11083888937682,1705.0245746691871,-0.256066835232621,-0.0208895995492975,-0.422882323126244,0.788242913912386
4-Nitrobenzoic_acid,1,2,1.2049595451354371,124.49560710248866,-0.0372507177237811,1793.48,-625.293932017124,-625.21140085,3.622859123,3010.333202,474.050446,409.555927,0.326377,-0.300574,-0.458217,0.114197,2.0653,3.027096,2.352485,0.7771425154669691,-0.297284,-0.115889,0.1813949999999999,-25.556067412602168,1758.0,-0.303260071204307,-0.0525807003475355,-0.479557139938819,4.60787432306299
4-Pyridinecarboxaldehyde,1,0,1.2056672898917844,124.41748133037048,-0.016900065193383,1782.74,-361.561778094134,-361.49459654,1.744504825,5558.71195,1564.255671,1220.733734,0.088736,-0.258425,-0.249355,0.130147,2.1169,3.274855,2.463971,0.7523908692140567,-0.273974,-0.093756,0.180218,-2.7247794128833105,1735.6515334068963,-0.283263569133707,-0.0383261792803052,-0.441994990943186,4.19782136806824
4-tert-Butylbenzoic_acid,1,2,1.2076644679268325,125.13694378221948,0.0124684346457905,1782.92,-578.004800047766,-577.8149137,2.662737942,2118.213525,389.631199,354.808708,0.32003,-0.31867,-0.459565,0.096476,2.0623,3.02622,2.362309,0.7806137689923404,-0.258093,-0.053681,0.204412,-7.137880512058942,1758.0,-0.265462040057639,-0.0185143754530034,-0.454248590858231,4.67954827101949
4-Trifluoromethylbenzaldehyde,1,0,1.206696481775347,124.59321806773838,0.0187174709724996,1778.17,-682.602460580555,-682.52416095,1.698416013,2679.456904,462.820769,424.220537,0.092438,-0.264468,-0.254401,0.124173,2.1085,3.268256,2.465718,0.7544445722734081,-0.277928,-0.093406,0.184522,-5.282627906911657,1726.8967895068492,-0.292104544970654,-0.0457834843328352,-0.429839423318273,4.32527344298519
5-Methyl-2-furaldehyde,5,6,1.2130455845338213,124.11008480240778,-0.0124556198002775,1749.85,-382.632646481391,-382.55749167,4.516039993,6356.025468,1313.972564,1096.276255,0.042235,-0.290727,-0.290519,0.098852,2.1141,3.289949,2.497875,0.7592442922367489,-0.243956,-0.067208,0.176748,-10.902187258240131,1706.2696296296297,-0.261556216776444,0.0183506771081483,-0.386755970821582,4.24669757078893
Adipic_acid,1,2,1.203671802487705,125.69301226473618,26.313302069779198,1811.9,-535.564799980741,-535.43838776,2.316932897,2479.712514,580.039033,530.440334,0.275761,-0.307436,-0.503843,0.100478,2.0877,3.087783,2.351956,0.7616973083924615,-0.282521,-0.007513,0.275008,-21.060213815869304,1758.0,-0.291126056018738,-0.000848080014175069,-0.457085195509615,4.70557792344619
Adipic_acid,7,8,1.2035061884950986,126.0223087118828,143.53118487214547,1810.04,-535.564799980741,-535.43838776,2.316932897,2479.712514,580.039033,530.440334,0.279776,-0.308213,-0.500626,0.104973,2.0566,3.084507,2.342906,0.7595722752452824,-0.282521,-0.007513,0.275008,-25.67231346829261,1722.0,-0.291126056018738,-0.000848080014175069,-0.479666920244854,4.84852957320871
Benzil,1,0,1.2147009989890518,123.53556990555016,-1.9062259965097572,1731.38,-689.863606421615,-689.70245968,3.616043321,1261.51463,282.191606,273.932457,0.201139,-0.290919,-0.249262,0.151663,1.9969,3.217923,2.350131,0.7303254304096153,-0.243538,-0.086865,0.156673,102.21401695108722,1702.0,-0.270910891198971,-0.0676732470476637,-0.415784509378104,0.647988187484271
Benzil,8,9,1.21470358610815,117.62900716111092,27.53847546906664,1731.0,-689.863606421615,-689.70245968,3.616043321,1261.51463,282.191606,273.932457,0.201924,-0.29106,-0.249234,0.151617,1.9966,3.217379,2.349939,0.7303892391912795,-0.243538,-0.086865,0.156673,102.23435975521537,1691.8503301540718,-0.270910891198971,-0.0676732470476637,-0.243537679973198,0.842340977681868
Benzyl_methyl_ketone,1,2,1.2059146685267577,122.0433341812826,11.251369219345785,1795.22,-424.138309354133,-424.00797262,2.68369629,3408.067709,765.337104,692.099546,0.201596,-0.271842,-0.344742,0.145552,2.1475,3.175064,2.389657,0.7526327028368562,-0.243777,-0.02289,0.220887,28.49312442524254,1731.2571428571428,-0.251432664506252,-0.010824630323752,-0.471593850054709,4.78891733095002
Carbonyl_sulfide,1,0,1.155638208986273,179.9996227276754,NA,2113.64,-511.508708992986,-511.52197343,0.755102103,0.0,6087.972706,6087.972706,0.261497,-0.12078,-0.635122,0.23057,2.1608,3.027342,2.519625,0.8322895133750994,-0.305727,-0.036983,0.268744,-127.1563698081925,1719.007083,-0.305726979836877,-0.03698277581065,-0.481269803244265,1.37831662699138
Cyclobutanone,2,7,1.1954483346339146,133.7557314180822,58.00585662504026,1862.37,-231.195270173918,-231.13290538,2.97467377,10864.982314,4808.018676,3556.978052,0.13527,-0.250178,-0.321181,0.14267,2.1463,3.22933,2.432417,0.7532265206714706,-0.251458,-0.031023,0.220435,56.31219792309123,1809.7722567287783,-0.343388219987638,0.0302085369964455,-0.437576251879441,0.708136032678597
Cyclooctanone,1,0,1.2117273936562631,121.00647211290644,36.05539392972596,1772.28,-388.437525178533,-388.26239564,2.793863082,1870.405045,1741.517773,1104.922723,0.197383,-0.297223,-0.324841,0.126929,2.0915,3.159056,2.419059,0.7657537568184926,-0.243873,-0.025622,0.218251,89.3665723250165,1717.6853625171,-0.307104600377856,0.0348263240659242,-0.3959377941518,0.727057133155454
Decanal,9,10,1.2040408571286112,125.09650448105006,-124.84239286642952,1804.09,-468.243934109081,-468.00122447,2.640560673,1503.745436,338.92889,285.643833,0.090698,-0.266763,-0.294828,0.116469,2.1388,3.260213,2.465518,0.756244453966658,-0.259116,-0.028022,0.231094,-13.602929625039572,1741.9551934826884,-0.307951268334949,0.0301477895581818,-0.446843480278868,5.0411979997654
Dichloroacetic_acid,1,2,1.1941000302240177,125.90184302775828,-155.11980271057084,1845.53,-1148.189759616676,-1148.1773266,2.501351517,2565.532468,2032.996151,1349.364915,0.264899,-0.258516,-0.567471,0.141434,2.1082,3.078362,2.36217,0.7673464004558268,-0.306868,-0.052537,0.254331,69.77864570227962,1758.0,-0.320416641214325,-0.0186096303113302,-0.438500859397129,4.64022147272479
Diethyl_maleate,3,4,1.204182608072795,122.30484244466555,-72.54757517922981,1784.06,-612.920865719924,-612.76591841,2.632465342,2329.583352,390.036931,360.434891,0.382239,-0.326294,-0.482625,0.123272,1.982,3.074879,2.247406,0.7308925001601688,-0.274508,-0.062736,0.2117719999999999,-58.815435392258536,1751.4328042328043,-0.284917828992869,0.0058991322178372,-0.535527570770942,5.2375241238205
Diethyl_maleate,7,8,1.207494150411504,125.54241896823116,174.08260894361726,1770.02,-612.920865719924,-612.76591841,2.632465342,2329.583352,390.036931,360.434891,0.370032,-0.337943,-0.469038,0.12303,1.9505,3.060183,2.273177,0.742823876872723,-0.274508,-0.062736,0.2117719999999999,-62.907094395367686,1738.0,-0.284917828992869,0.0058991322178372,-0.433644423080853,5.2375241238205
Diethyl_malonate,3,4,1.202656927078957,125.35020459285508,-115.34891246883944,1788.27,-574.847086118737,-574.69636011,2.809334338,2651.284255,469.545243,438.322148,0.263105,-0.313897,-0.476777,0.122952,2.0266,3.110814,2.324833,0.7473391208860446,-0.281176,-0.001686,0.2794899999999999,-54.74450392048276,1738.0,-0.288858709609931,0.00143915264457246,-0.522186147214105,4.84858438154164
Diethyl_malonate,6,7,1.2030413731663596,124.37302022402542,19.23652683333354,1804.98,-574.847086118737,-574.69636011,2.809334338,2651.284255,469.545243,438.322148,0.328359,-0.322491,-0.481765,0.115384,2.0349,3.091103,2.28997,0.7408261711110888,-0.281176,-0.001686,0.2794899999999999,-35.27205560777534,1762.679640718563,-0.288858709609931,0.00143915264457246,-0.379954382013485,4.94412862069715
Difluoroacetic_acid,1,2,1.1943318746998255,125.10101706083108,-131.89443006231926,1854.82,-427.567036551183,-427.54964812,2.807263023,5531.969873,3176.819218,2298.919376,0.255632,-0.256515,-0.502665,0.148392,2.0977,3.091759,2.373206,0.7675908762617009,-0.312899,-0.041427,0.271472,-2.941561245588716,1759.22786,-0.360590034999881,0.0134522552739118,-0.481300085647631,4.61155795015636
Dimethyl_malonate,2,3,1.2018094885966744,125.13648224221866,-9.151638152705038,1791.16,-496.230080339075,-496.13288728,1.758946862,2726.103901,991.828097,932.912096,0.287619,-0.308083,-0.484655,0.120023,2.0501,3.112723,2.309917,0.7420888398999846,-0.278711,-0.010498,0.268213,-34.637446502497426,1738.0,-0.304256994483609,0.00105216364946893,-0.536814163015411,4.8125368419693
Dimethyl_malonate,5,6,1.201801238134243,125.15401537818924,109.7648714670624,1813.4,-496.230080339075,-496.13288728,1.758946862,2726.103901,991.828097,932.912096,0.287813,-0.308088,-0.484718,0.120041,2.0501,3.11262,2.30992,0.7421143602495647,-0.278711,-0.010498,0.268213,-34.6844563152049,1770.0820025895555,-0.304256994483609,0.00105216364946893,-0.536814163015411,4.8125368419693
Ethyl_2-nitrobenzoate,3,4,1.2043382795203348,123.14472767409558,-179.63184085689753,1780.7,-703.883509514999,-703.74857069,3.605111884,1049.899095,556.497015,410.524618,0.301527,-0.320465,-0.45479,0.126014,2.027,3.114667,2.282568,0.7328449558171066,-0.281924,-0.096757,0.185167,-38.42993217515056,1755.0204657727593,-0.28660121248182,-0.0571098010555964,-0.483415113982873,0.731614462677529
Ethyl_3-nitrobenzoate,3,4,1.2065656233102284,123.6891278126084,179.6417511703874,1772.12,-703.89324272791,-703.7580119,6.066695888,1708.516379,333.819348,287.315766,0.344858,-0.330511,-0.441968,0.117235,2.0077,3.055037,2.302295,0.7536062574692222,-0.292256,-0.101934,0.190322,-41.39073303229462,1747.5746223564954,-0.296870020209149,-0.0721508856686585,-0.487128468710777,0.752867235956048
Ethyl_4-chlorobenzoate,3,4,1.208508333740815,123.9949330474478,179.69108904239906,1762.82,-958.950777071357,-958.82590807,1.997987391,2856.301053,325.160313,300.647682,0.354863,-0.343734,-0.440868,0.105521,1.9965,3.051966,2.297367,0.7527498668071662,-0.26018,-0.061022,0.199158,-22.854903997930293,1741.3998570905678,-0.277914392591829,-0.0308910011983174,-0.393139097007335,0.618980363340748
Ethyl_acetoacetate,3,4,1.2064990102785,124.46496643330975,-172.52057512205295,1768.56,-460.303383453366,-460.18372745,2.131011272,3359.336876,816.819862,721.950354,0.272213,-0.334587,-0.48197,0.104456,1.9932,3.113414,2.317815,0.7444609036896473,-0.260949,-0.036464,0.224485,-41.71113491040749,1718.0,-0.290259878604119,0.00479745921750683,-0.516012298076682,1.06034833522823
Ethyl_acetoacetate,6,8,1.2061831862304333,120.25559821158892,-16.575323682497313,1797.3,-460.303383453366,-460.18372745,2.131011272,3359.336876,816.819862,721.950354,0.178794,-0.266769,-0.344155,0.142791,2.1522,3.186176,2.408173,0.7558192014502652,-0.260949,-0.036464,0.224485,63.59041573269354,1744.3243243243244,-0.290259878604119,0.00479745921750683,-0.474280067156489,0.707215610904464
Ethyl_butanoate,3,4,1.2060802010882197,124.69421643275548,156.00570561254182,1784.02,-386.282966430404,-386.14272557,1.851446291,4113.551593,961.204078,906.958311,0.325343,-0.339573,-0.480789,0.100703,2.0134,3.091274,2.294685,0.7423104519366449,-0.273341,0.006731,0.280072,-37.04073666630776,1755.85536159601,-0.303228240289129,0.0356870209384906,-0.506711815700945,5.04894313319009
Ethyl_chloroacetate,3,4,1.198083793457703,126.66873600080366,121.52319575722046,1818.07,-767.23294505708,-767.15684553,3.442109303,6731.9188,935.394184,888.088508,0.301153,-0.29808,-0.523512,0.12707,2.0433,3.08581,2.318546,0.7513573421565165,-0.293189,-0.00672,0.286469,5.723696899453463,1765.6852429781543,-0.301346866683354,0.0181406878594481,-0.527198276528311,4.72458174324891
Ethyl_formate,3,4,1.1997803918771968,126.0796320348782,0.0,1789.42,-268.361377846572,-268.30002138,2.206352735,18070.021461,2874.099813,2558.706674,0.220457,-0.306675,-0.455586,0.087294,2.0409,3.132342,2.407584,0.7686210509580371,-0.289704,-0.00405,0.285654,-122.85308884458551,1758.1926140477915,-0.315135663773579,0.0360070054742663,-0.533150274218476,1.47491601596743
Ethyl_hexanoate,5,6,1.2051954562746243,125.65159275164126,129.5035701481862,1786.58,-464.886813206767,-464.6932187,1.587246417,3021.731308,492.551974,449.618003,0.32739,-0.334786,-0.474885,0.10662,2.0021,3.08243,2.294639,0.7444253397481857,-0.275782,0.008001,0.283783,-37.91581517612215,1756.3422459893047,-0.302903332204852,0.0323390831741148,-0.490096076800059,0.695201481965262
Ethyl_isobutyrate,3,4,1.205527362580792,125.420386372035,-147.59906427624583,1784.87,-386.284452391577,-386.14454325,1.974698405,4109.748244,1084.096791,964.440822,0.302353,-0.329336,-0.457177,0.110387,2.0175,3.102669,2.306648,0.7434399222089111,-0.272391,0.007999,0.28039,-8.795438913960878,1755.088455772114,-0.304323270479108,0.0306051265664738,-0.369632373646412,4.91172956074583
Ethyl_oxalate,3,4,1.2011696686501037,123.39989733262868,176.9608302902386,1800.24,-535.529066701875,-535.40529524,1.273737262,3768.736455,586.929405,544.731662,0.281336,-0.29347,-0.458229,0.135083,2.0232,3.096591,2.333033,0.7534198090739138,-0.274236,-0.047453,0.2267829999999999,5.32774274092273,1763.907590759076,-0.317561723073971,0.0348715111415708,-0.437935483130393,4.82646709045521
Ethyl_oxalate,5,6,1.201430578593287,123.25284429780992,-15.091156186793302,1792.25,-535.529066701875,-535.40529524,1.273737262,3768.736455,586.929405,544.731662,0.297098,-0.30107,-0.45929,0.132108,2.0119,3.08529,2.327231,0.7542989475867746,-0.274236,-0.047453,0.2267829999999999,5.446153138439785,1738.0,-0.317561723073971,0.0348715111415708,-0.550818561488019,0.772927620029099
Ethyl_pyruvate,3,4,1.2065972567551275,122.27438728964732,-179.95896090109423,1771.78,-420.989351854643,-420.8966769,1.466589547,4515.908497,1172.243869,947.089683,0.283134,-0.314299,-0.463305,0.120483,1.9878,3.102335,2.31971,0.7477303385997967,-0.26074,-0.078838,0.181902,-16.729346974995146,1716.7898,-0.320995376926987,0.0318447269775421,-0.260740267174934,4.80254665657515
Ethyl_pyruvate,5,7,1.2023736478320703,120.88030293727392,0.5250958557337524,1805.9,-420.989351854643,-420.8966769,1.466589547,4515.908497,1172.243869,947.089683,0.157393,-0.230488,-0.319386,0.173361,2.1385,3.198982,2.426132,0.7584075183917883,-0.26074,-0.078838,0.181902,111.07083970294693,1747.0366708604845,-0.320995376926987,0.0318447269775421,-0.447708528702312,4.80254665657515
gamma-Nonalactone,9,10,1.196593663784829,128.11169135531125,-83.54072095765868,1843.86,-502.986318333061,-502.78380509,4.385274803,2360.549082,439.872897,416.895928,0.236052,-0.283062,-0.44965,0.125003,2.124,3.099896,2.38195,0.7683967462134212,-0.271839,0.002117,0.273956,-14.542269163719936,1798.0,-0.301404687474242,0.0282566830017773,-0.42877005117334,4.7613175404728
Glutarimide,1,0,1.2091279219176931,123.9107527833682,-29.053110302529724,1790.44,-399.949629315467,-399.85953668,3.455058841,3323.407534,1945.091081,1278.316212,0.209228,-0.300231,-0.416603,0.105829,2.1202,3.103207,2.416596,0.7787414761567631,-0.27238,-0.036804,0.235576,-4.533392776600762,1751.534,-0.292018110723562,0.00282732677292578,-0.398789137252558,0.744459826025059
Glutarimide,5,6,1.2091336174889853,123.90015006526622,29.140248862250047,1776.94,-399.949629315467,-399.85953668,3.455058841,3323.407534,1945.091081,1278.316212,0.209162,-0.300323,-0.416582,0.105794,2.12,3.103221,2.416655,0.7787569754136106,-0.27238,-0.036804,0.235576,-4.544047373669046,1748.0387040472176,-0.292018110723562,0.00282732677292578,-0.438516309518708,0.744459826025059
Heptanoic_acid,6,7,1.2032891183718069,126.36652563387966,-122.6294603571646,1811.57,-425.59467879759,-425.426941,1.650371355,5049.472671,508.219893,479.692843,0.285329,-0.305428,-0.498345,0.103855,2.0697,3.07149,2.352122,0.7657918469537587,-0.283838,0.002656,0.2864939999999999,-24.45725835618543,1758.0,-0.313949388711919,0.0280308795022556,-0.502366339497478,0.799877901124033
Hexanoic_acid,5,6,1.2039064235234398,125.8237745772706,23.95690295567513,1810.91,-386.291902586047,-386.15099181,1.911769791,6506.502236,656.866856,638.731521,0.28103,-0.308866,-0.503101,0.098827,2.0866,3.087678,2.348705,0.7606703160109312,-0.279654,0.000729,0.280383,-24.28157319559348,1758.0,-0.324443587728233,0.0275626768248518,-0.459596523207803,4.89103060630904
Isobutyl_chloroformate,5,6,1.1883229130606714,129.0200904017893,0.0,1833.07,-806.54259642829,-806.43930693,3.177963966,4010.541796,773.831512,767.939341,0.30127,-0.259628,-0.800642,0.130236,2.054,3.05456,2.321709,0.7600796841443611,-0.305241,-0.009879,0.2953619999999999,-156.93770479645633,1778.0,-0.323350643523954,0.0124967309273121,-0.530868032464145,3.83182873477774
Isophorone,3,4,1.217497136798276,121.78120460433664,3.727801315581297,1738.23,-426.543309325377,-426.36783324,4.366749513,1515.683724,1330.787936,849.126409,0.211359,-0.300157,-0.327584,0.11455,2.0865,3.115947,2.450272,0.7863651082640366,-0.240166,-0.050702,0.189464,83.5548924913508,1697.9130434782608,-0.264941808516729,0.0167323980893765,-0.364199904547565,0.799296516877666
Isopropyl_acetate,1,2,1.2055344143918083,125.06402576723112,-4.20700824513285,1786.61,-346.984769070754,-346.87207253,1.9705797,4752.869142,1678.671507,1462.032723,0.324983,-0.335384,-0.506623,0.098364,2.025,3.092455,2.290341,0.7406222564273369,-0.275161,0.008463,0.283624,-52.51536034467734,1758.3150442477877,-0.302882848162814,0.0331274837769144,-0.479905033275444,4.73873466468717
Isopropyl_formate,4,5,1.2007050214707191,126.63256203262466,0.0,1783.53,-307.670125405377,-307.58252647,2.167874549,6433.854458,2491.548438,2090.982362,0.22176,-0.314983,-0.456554,0.081942,2.026,3.128998,2.407291,0.7693488458605597,-0.287421,-0.002405,0.285016,-121.9930669655461,1742.7866563227308,-0.311311928195559,0.0358994955442961,-0.535212425506582,4.52874756446355
Levulinic_acid,1,2,1.2099314209664942,121.91542828682856,-10.49374160947977,1782.34,-421.012504434126,-420.9195317,1.432200434,5296.547618,918.368201,799.878778,0.222942,-0.293009,-0.350156,0.130893,2.0849,3.173143,2.373097,0.7478695413348847,-0.260415,-0.025787,0.234628,51.66484101461883,1718.0,-0.291261842636431,-0.0022647106042292,-0.450145032920049,0.621304605201645
Levulinic_acid,5,6,1.204591622599543,126.11090534323084,-131.97873100112452,1806.56,-421.012504434126,-420.9195317,1.432200434,5296.547618,918.368201,799.878778,0.299887,-0.312179,-0.500338,0.099146,2.0511,3.068965,2.339606,0.7623436565747735,-0.260415,-0.025787,0.234628,-30.14525843399989,1778.0,-0.291261842636431,-0.0022647106042292,-0.508372497361331,4.96878098956493
Mesaconic_acid,1,2,1.2047517563705812,125.69342638798496,-0.0267627291909615,1794.03,-495.038168087376,-494.96184174,0.928244633,3424.296531,932.363108,736.112729,0.327413,-0.303943,-0.459418,0.111034,2.0458,3.043264,2.340955,0.7692250820172025,-0.291836,-0.093358,0.198478,-15.095698382581826,1758.0,-0.293217013540186,0.0206979669782036,-0.477963722027371,4.8874316036321
Mesaconic_acid,6,7,1.2078075431081725,128.09765740199333,-179.8635558894217,1778.47,-495.038168087376,-494.96184174,0.928244633,3424.296531,932.363108,736.112729,0.345578,-0.320882,-0.486449,0.099817,2.0069,3.033574,2.335501,0.7698843014872885,-0.291836,-0.093358,0.198478,-31.742630763698013,1722.0,-0.293217013540186,0.0206979669782036,-0.461662459846152,4.9746000072765
Methacrylic_acid,3,4,1.2059392847710038,126.06117437802284,-0.0653594732516262,1791.66,-306.459781904474,-306.3943351,1.835505941,5332.687247,3529.75723,2151.874974,0.32228,-0.317713,-0.464569,0.09925,2.0483,3.046083,2.344234,0.7695896664667379,-0.278343,-0.054365,0.223978,5.489880409902068,1758.0,-0.285729599969189,0.0308059707671992,-0.462085240263988,4.87699486782381
Methyl_2-methoxybenzoate,2,3,1.2102421030359998,123.04169737348856,10.03537714632801,1748.47,-574.585539204274,-574.44725575,3.424608662,1342.926495,803.952297,513.34177,0.31792,-0.347352,-0.443924,0.10114,1.9786,3.103068,2.28618,0.736748276222113,-0.233992,-0.045326,0.188666,-31.617374947895755,1746.4879356568365,-0.261441071883602,-0.00441507387617735,-0.377050184671826,0.70467803595892
Methyl_2-nitrobenzoate,2,3,1.2032616724233345,123.52196408342976,-21.61801488631871,1787.52,-664.575273274934,-664.46733547,3.659828248,1155.442187,764.525433,508.120232,0.293423,-0.310086,-0.456238,0.131692,2.0408,3.130938,2.279686,0.728115983133489,-0.283322,-0.098733,0.184589,-37.52807443605242,1759.985062240664,-0.288393913538996,-0.057570560260196,-0.396367091313836,0.857898848391743
Methyl_4-chlorobenzoate,2,3,1.2077617636810665,124.3744650872952,-0.0686344846881338,1767.91,-919.642490522439,-919.54461234,1.895056255,3464.332188,416.801981,372.91194,0.355348,-0.334572,-0.441632,0.110307,2.0026,3.065688,2.288091,0.7463548149713866,-0.261174,-0.062181,0.198993,-21.291071660234884,1747.7657082002129,-0.279014800765424,-0.0319093880115014,-0.549422954196889,0.919944853730454
Methyl_acetoacetate,2,3,1.2059590761485233,124.71458649713992,174.88509267101824,1772.52,-420.994966607769,-420.90177187,2.140737215,4118.907167,1208.796214,1051.473441,0.281272,-0.333257,-0.482566,0.106732,1.9913,3.110816,2.313609,0.7437305838725274,-0.262319,-0.037258,0.225061,-40.72254647290052,1718.0,-0.293604834511603,0.00170464451575318,-0.393693918243441,1.05481749334192
Methyl_acetoacetate,5,7,1.2060099651673697,120.17555664195582,16.671134375853526,1798.57,-420.994966607769,-420.90177187,2.140737215,4118.907167,1208.796214,1051.473441,0.181007,-0.265588,-0.343713,0.14389,2.1521,3.18519,2.40686,0.755640950775307,-0.262319,-0.037258,0.225061,62.77024874297399,1746.2122905027934,-0.293604834511603,0.00170464451575318,-0.365714849729436,0.699265870944159
Methyl_butanoate,3,4,1.205274248479988,125.41466660922856,-25.18162836751593,1789.74,-346.974684152095,-346.86113682,1.944350859,6122.167468,1302.298426,1171.300305,0.32111,-0.328194,-0.481706,0.10587,2.0323,3.100299,2.295175,0.7403076283932614,-0.27489,0.005581,0.280471,-35.78563411207051,1761.7941952506596,-0.307290076547455,0.0362759804584033,-0.388959274983862,0.677058451207317
Methyl_chloroacetate,2,3,1.2029327280043551,124.01136519999812,11.784953557220655,1797.89,-727.924820189833,-727.87517425,2.117160702,5726.447737,1649.482593,1427.678874,0.312275,-0.309441,-0.531088,0.122616,2.0309,3.090871,2.307152,0.7464407281960328,-0.287992,-0.036418,0.251574,-15.318896584065516,1773.4247104247104,-0.307333350219878,0.0273686100107076,-0.524783771994274,4.71429918981001
Methyl_dichloroacetate,2,3,1.2023435172520371,121.50591511724647,-0.0483111400274683,1797.39,-1187.483087734642,-1187.4449214,1.593464198,2222.265914,1279.459255,1048.890478,0.295627,-0.300644,-0.553939,0.132424,2.0227,3.089937,2.317081,0.7498796901037141,-0.297249,-0.044182,0.253067,33.06615679491058,1769.7717693836978,-0.318184314680401,-0.0196147941945665,-0.41040940233459,4.73087963455631
Methyl_hexanoate,5,6,1.2046041120986597,125.85340071669184,-126.29437482519576,1791.3,-425.582028409484,-425.41549024,1.662512897,5182.29979,541.069034,509.172906,0.321698,-0.327222,-0.477452,0.110591,2.0094,3.092008,2.294552,0.7420912235673388,-0.2778,0.008149,0.285949,-40.3359835725586,1761.5224775224776,-0.307087880254006,0.0312359746523015,-0.382238285208027,0.856848022370205
Methyl_isobutyrate,2,3,1.2050475114471628,125.58940179598504,148.22909339128287,1788.73,-346.976253127936,-346.86276719,1.809652547,4759.732743,1748.99333,1495.2999,0.312564,-0.328205,-0.458645,0.112262,2.0157,3.099919,2.301514,0.7424432702919013,-0.275499,0.006127,0.281626,-6.8376531614959175,1759.5311720698255,-0.308056896163856,0.033735331727334,-0.380116608484478,4.89781763354085
Methyl_levulinate,2,3,1.2060360609981775,125.0720238138096,132.60146636167187,1783.5,-460.304484058491,-460.18472078,2.298748358,3525.230137,853.287424,829.035143,0.304896,-0.342266,-0.476138,0.108167,1.9822,3.10626,2.29694,0.7394551647318641,-0.253726,-0.017986,0.23574,-50.91752983592956,1718.0,-0.283135302433531,0.00571438254168814,-0.49872263494567,4.90129955339472
Methyl_levulinate,6,8,1.209268340396787,121.47475876120149,145.3170283986677,1788.04,-460.304484058491,-460.18472078,2.298748358,3525.230137,853.287424,829.035143,0.224363,-0.301014,-0.34695,0.131378,2.0868,3.172741,2.372351,0.7477291717161912,-0.253726,-0.017986,0.23574,48.72259933286828,1750.572719060524,-0.283135302433531,0.00571438254168814,-0.444027084141526,4.76261367091149
Methyl_salicylate,2,3,1.2048460108922634,125.52526970089292,0.0397011566766761,1775.03,-535.308085279138,-535.19498525,1.166056548,2275.705492,830.916992,611.013468,0.381686,-0.324692,-0.430526,0.118557,2.0119,3.060991,2.269424,0.7414017225140486,-0.236715,-0.055699,0.181016,-12.26288281792278,1698.7113194909575,-0.268472921961115,-0.00690744405308123,-0.403886172401804,0.92646792470221
N-Benzylacetamide,1,2,1.2197657777479247,121.74064268407396,51.32749952463406,1738.83,-479.509294863975,-479.36188137,3.514425722,2586.047931,588.880484,541.528746,0.332491,-0.393341,-0.481142,0.054255,1.9346,3.07119,2.325611,0.7572344921675311,-0.24811,-0.018133,0.229977,-32.84994221436247,1698.0,-0.254241646594398,-0.0135059854538513,-0.402796732057956,0.569672846351023
n-Butyl_formate,5,6,1.199870134977115,126.10540416297192,0.0,1788.78,-346.968387941656,-346.85431252,2.337282103,11386.450933,921.434862,870.765508,0.215828,-0.306065,-0.456218,0.086966,2.0413,3.135358,2.408168,0.7680679526867425,-0.28845,-0.00299,0.28546,-125.09214182200628,1747.0881863560733,-0.313902343840333,0.0285587966034404,-0.527265147982771,4.46712966036128
N-Ethyl-2-pyrrolidone,6,7,1.2159110993596531,126.78401782484936,-43.97848879195201,1764.55,-365.203970437446,-365.06956325,3.947556156,3090.354496,1774.078478,1246.554304,0.180471,-0.366519,-0.426273,0.057839,2.0396,3.111687,2.437112,0.7832124503524936,-0.242381,0.022299,0.26468,-6.415336057863186,1730.4250139642977,-0.248320919769169,0.0271032076721756,-0.389785892302487,4.8306351186132
N-Ethylacetamide,1,2,1.219398299957811,121.81781556022604,51.895157464650346,1742.32,-287.803840079057,-287.70500004,3.738450353,7305.784006,2139.141971,1910.90228,0.317101,-0.386143,-0.481933,0.055615,1.969,3.072693,2.341526,0.7620435884743448,-0.25063,0.01849,0.26912,-32.42598728837016,1698.0,-0.258960602977203,0.0256070473200314,-0.399923550228839,4.73307422120724
N-Ethylformamide,3,4,1.2136907024007393,125.09756785349512,175.7289506507211,1769.37,-248.491037182583,-248.41759726,3.913273092,10303.431538,3367.911665,2919.571828,0.18178,-0.363763,-0.436519,0.040071,1.9867,3.133712,2.463774,0.7862158360436441,-0.259504,0.014915,0.274419,-101.8601225094057,1698.0,-0.265776002725059,0.0239460834682187,-0.414270573745406,3.71187750925809
N-Formylmorpholine,1,0,1.214218720188418,125.61622776812732,0.0,1753.45,-401.10109574039,-400.98782897,3.035913397,4211.92674,1554.088385,1246.052474,0.139779,-0.358872,-0.412482,0.040921,1.9969,3.153422,2.479298,0.7862246156714833,-0.247028,0.008203,0.255231,-89.51062273298409,1699.42988,-0.263960154091299,0.0359020509603343,-0.531799436346799,4.2223074786531
N-Methyl-2-pyrrolidone,5,6,1.2154654232293076,126.8319094866994,-44.638991443333474,1768.12,-325.898033675925,-325.79040124,3.991532938,3769.907583,2999.158835,1756.454962,0.182772,-0.364364,-0.428488,0.059118,2.0533,3.111559,2.436247,0.7829666736192371,-0.242655,0.023737,0.266392,-2.8092124289464016,1730.196636481242,-0.250607604861605,0.0250527151398604,-0.39179956352512,0.742641676310433
N-Methylbenzamide,2,3,1.2216508335044018,121.83838284109343,10.896477402537451,1726.17,-440.203196316437,-440.08218509,3.603893294,3484.440705,817.663188,675.479187,0.290995,-0.377694,-0.413464,0.0711,1.9814,3.075266,2.364095,0.7687448825565008,-0.252893,-0.042678,0.2102149999999999,-8.759796196963434,1699.42988,-0.259380843462226,-0.020271656991192,-0.39820632458294,0.607361730024626
N-Methylformanilide,2,3,1.2098761337678332,127.53203808294067,0.0,1762.66,-440.187872531207,-440.06603586,3.625654336,2552.507072,1046.744743,756.900942,0.153788,-0.340144,-0.389713,0.067511,1.9833,3.157608,2.466217,0.7810396350655305,-0.230419,-0.026522,0.203897,-99.16116627025976,1698.0,-0.257976607772557,-0.0141827726244364,-0.402349792526903,4.17747010035182
N-Methylsuccinimide,2,3,1.2061203819478383,127.70275139937112,58.05542141928208,1771.26,-399.946703098508,-399.8592916,1.541484781,3108.913005,2245.796399,1336.15421,0.185699,-0.308512,-0.390929,0.109752,2.1004,3.129487,2.420049,0.7733053372645421,-0.269385,-0.026549,0.242836,2.5727803779644822,1739.48388995114,-0.288771649532067,0.00954504848465634,-0.423830789100801,4.81462332211871
N-Methylsuccinimide,6,7,1.20577502574817,127.35209503667495,57.95022885412761,1838.72,-399.946703098508,-399.8592916,1.541484781,3108.913005,2245.796399,1336.15421,0.190174,-0.311696,-0.390446,0.106387,2.0985,3.124873,2.416163,0.7732035829936129,-0.269385,-0.026549,0.242836,4.722896508211324,1751.51194,-0.288771649532067,0.00954504848465634,-0.423830789100801,0.80069655762405
Nicotinamide,1,2,1.2170225357461546,121.81404837259277,-18.28665420193865,1750.66,-416.943807833705,-416.86025206,5.076575778,3915.797457,1232.807485,954.050516,0.264347,-0.33773,-0.438554,0.082814,2.0729,3.060698,2.399502,0.7839721527573122,-0.260698,-0.059989,0.2007089999999999,-4.102978864907575,1602.0,-0.273269367424839,-0.0402909556267558,-0.435251557252089,3.74810442343089
Nonanal,8,9,1.2035912025060669,125.53273439187706,137.51094695624838,1805.23,-428.939083382822,-428.72192954,2.384946394,1783.773221,613.218938,536.745744,0.083075,-0.267685,-0.302761,0.116692,2.1158,3.259597,2.471105,0.7581013849258054,-0.260239,-0.02966,0.230579,-12.012087847281986,1744.8396624472573,-0.304791984312935,0.0250317056369535,-0.493508474989499,4.78229759444466
N_N-Diethylacetamide,5,7,1.223355488721083,120.6379511525728,-6.16282962109431,1711.93,-366.403162677846,-366.25030475,3.863211831,2173.241553,1938.710043,1193.674885,0.266061,-0.388847,-0.452678,0.054679,1.9742,3.087967,2.369115,0.7672086521650004,-0.240571,0.018126,0.258697,-13.778095540383289,1682.6010186757217,-0.246911897685347,0.0322536084362807,-0.410700293491506,4.82590759063284
N_N-Dimethylbenzamide,3,4,1.2232431454016,119.78191681411056,30.321916367832603,1700.57,-479.49500144332,-479.34760478,3.638510601,2450.699179,720.754945,618.419664,0.24403,-0.370681,-0.392931,0.072184,1.9872,3.097658,2.383365,0.7694086952142554,-0.24204,-0.033801,0.208239,3.584082306587637,1677.5483224837255,-0.24957803432818,-0.0178784177597329,-0.359352040982663,5.0590913175593
N_N-Dimethylpropionamide,3,4,1.2215562617370517,120.90382375398248,122.98698063021376,1718.58,-327.094579716476,-326.96959739,3.691870068,4709.333565,1817.968712,1356.079171,0.255411,-0.385833,-0.427242,0.061426,1.9691,3.088357,2.379551,0.7704909115105542,-0.241676,0.021137,0.262813,6.912941644856836,1684.660561321586,-0.249839536401171,0.0270125539659175,-0.371427688954584,0.791620284562433
N_N-Dipropylformamide,1,0,1.2162055736288993,125.39719409583982,0.0,1748.56,-405.702665806046,-405.52315599,4.134253618,1946.813482,898.74037,662.103222,0.1342,-0.366413,-0.41415,0.035954,1.9824,3.153302,2.485005,0.7880643845721089,-0.244516,0.016965,0.261481,-89.9934552936267,1697.5,-0.255152945979082,0.022128455258477,-0.417521179509499,5.28843168499598
Octanal,7,8,1.2040189869470497,125.17339524817952,-124.00379489868368,1803.93,-389.636091854446,-389.44586502,2.783518472,3782.687911,549.793308,513.467641,0.087037,-0.266048,-0.29474,0.116783,2.1407,3.262458,2.466414,0.755998697914272,-0.259248,-0.027816,0.2314319999999999,-11.43586450692452,1742.0831826401447,-0.313345804943256,0.0249912736272346,-0.489522124154689,4.70052764105736
Octanoic_acid,7,8,1.2037695633969985,126.2058199315286,-145.74780146925002,1809.0,-464.898974969195,-464.70407706,1.432007166,2003.97845,542.008615,484.705465,0.275328,-0.310958,-0.499676,0.102245,2.0562,3.089033,2.34414,0.7588588402907964,-0.28369,-0.000629,0.283061,-22.59418088309924,1758.0,-0.310616699308555,0.0281699022189427,-0.483915995838039,4.8213899818363
Pentanamide,4,5,1.2165023876478829,122.56063902946002,167.90648035611005,1760.35,-327.110632219245,-326.98502612,3.593748316,6075.386468,1202.96673,1052.960141,0.282971,-0.351981,-0.478714,0.065738,2.0766,3.072592,2.378587,0.7741304410087639,-0.2544,0.018129,0.272529,-12.503495076709267,1698.0,-0.27545975763972,0.0221234619143319,-0.399734504845286,1.60195290856371
Phenyl_chloroformate,12,13,1.1806880495033394,123.44663071434222,0.0,1871.71,-880.326897450293,-880.25607809,4.022986529,2533.719768,715.58286,693.635351,0.28452,-0.208277,-0.755513,0.160847,2.1602,3.070903,2.324215,0.7568506722615466,-0.271517,-0.036592,0.234925,-166.0469942063872,1778.0,-0.280094520175807,-0.0365432903087598,-0.465158187862994,4.43576115533974
Phthalic_anhydride,1,0,1.18983205248598,130.84206191734532,-179.9930462856477,1842.21,-532.911667668928,-532.8411223,5.859336038,1805.257273,1195.32653,719.150694,0.306342,-0.226545,-0.377626,0.172641,2.1889,3.045386,2.372686,0.7791084611277519,-0.300083,-0.103223,0.1968599999999999,-12.609979530227845,1822.0,-0.301999506188165,-0.0714986757962338,-0.429183507563612,0.818186159276916
Phthalic_anhydride,3,4,1.1898269385003013,130.84647622333145,179.98004553898696,1649.85,-532.911667668928,-532.8411223,5.859336038,1805.257273,1195.32653,719.150694,0.306199,-0.226559,-0.377604,0.172645,2.1889,3.045502,2.372712,0.7790873228781331,-0.300083,-0.103223,0.1968599999999999,-12.602023688971531,1806.0384937238491,-0.301999506188165,-0.0714986757962338,-0.465395010558436,0.818186159276916
Phthalimide,1,0,1.2049772955794642,129.37956884621246,-179.99509658532446,1832.94,-513.046879350474,-512.96372736,2.939027513,1751.240727,1201.727008,712.677372,0.235174,-0.273106,-0.358873,0.123753,2.1884,3.04567,2.452244,0.8051574858733874,-0.279041,-0.091721,0.18732,-2.0671926944495707,1767.972851874198,-0.285295372789938,-0.0542613123053124,-0.448817379362175,0.801796867721812
Phthalimide,3,4,1.204980995313619,129.37727181063994,-179.9886029275879,1799.11,-513.046879350474,-512.96372736,2.939027513,1751.240727,1201.727008,712.677372,0.235134,-0.273088,-0.358897,0.123765,2.1885,3.045704,2.452244,0.8051484976872342,-0.279041,-0.091721,0.18732,-2.0719185775458726,1749.58296,-0.285295372789938,-0.0542613123053124,-0.448817379362175,0.801796867721812
Propiophenone,2,3,1.2152249806924642,120.11929941776826,22.066397257398886,1743.01,-424.141123279837,-424.00871027,3.091804995,2645.540039,931.270392,735.698451,0.243331,-0.302743,-0.285437,0.129392,2.065,3.134441,2.393678,0.7636698218278793,-0.25197,-0.06444,0.18753,86.79752224688463,1705.9888544891642,-0.266042609833586,-0.0221682634396394,-0.416877405463625,0.734055750582452
Propylene_carbonate,4,5,1.187622939661406,124.74623217122502,0.0,1890.91,-381.696907399227,-381.62454494,5.564891407,5318.529444,2382.309021,1908.495978,0.349242,-0.267548,-0.611225,0.127485,2.1675,3.005367,2.308685,0.7681873794448398,-0.301361,0.018256,0.319617,-138.02048950619078,1778.0,-0.315285081593763,0.0320714722456037,-0.44949292241144,4.67234989639703
Propyl_formate,4,5,1.2000728024874157,126.4449170850092,0.0,1787.39,-307.664894302275,-307.57681672,2.015938763,8251.021363,1927.66388,1718.946205,0.223772,-0.313877,-0.456378,0.084327,2.0293,3.130138,2.404814,0.7682773091793397,-0.290045,-0.004056,0.285989,-124.86603554683369,1757.4974632843791,-0.310188348141042,0.0353226725708104,-0.468742032162641,1.46351028583147
Salicylic_acid,1,2,1.204146061036617,126.17185791372312,0.0321814409766521,1792.9,-496.017278990239,-495.9300255,0.806586683,2344.546559,1215.217189,800.371566,0.350044,-0.305778,-0.449525,0.109913,2.0605,3.027498,2.330123,0.7696530270209923,-0.241248,-0.061393,0.179855,1.7459019076562727,1714.9675023212628,-0.273234145992335,-0.0110480995816735,-0.472319663937482,0.774382285831996
sec-Butyl_acetate,3,5,1.2056701016882685,125.04219627675276,1.7450515571010343,1785.61,-386.287836906122,-386.14844812,1.941272322,3562.939736,1184.934133,1009.748457,0.322386,-0.336526,-0.507781,0.097772,2.0258,3.093383,2.290791,0.740545545120019,-0.274559,0.009241,0.2838,-55.448995887911465,1758.0132450331123,-0.298573997617198,0.0343928178392553,-0.456431795426289,4.73368025965862
Succinic_acid,1,2,1.2023593937338368,125.8055551906587,1.3598269408729218,1818.13,-456.956646462293,-456.8844531,2.4148053,5292.756338,906.477838,853.073083,0.273755,-0.293785,-0.502088,0.10749,2.1035,3.093128,2.347847,0.7590526483223454,-0.290144,-0.014317,0.275827,-27.924563911359343,1758.0,-0.297737687821123,-0.00343962569470487,-0.463865831994512,4.67107877817794
Succinic_acid,5,6,1.202787453750246,125.90238476106737,-115.17555353369386,1813.02,-456.956646462293,-456.8844531,2.4148053,5292.756338,906.477838,853.073083,0.294582,-0.302264,-0.500929,0.108904,2.0613,3.067881,2.342898,0.7636860751769707,-0.290144,-0.014317,0.275827,-32.544860469593694,1722.0,-0.297737687821123,-0.00343962569470487,-0.434543500649958,4.97249486953182
tert-Butyl_acetate,5,7,1.2061005806469876,124.42668561395632,-0.4038110304419402,1781.33,-386.289260540932,-386.15026194,1.971540719,3299.192238,1435.739385,1297.368291,0.351071,-0.348366,-0.505774,0.097116,1.9967,3.090268,2.265985,0.7332648818807949,-0.268619,0.009277,0.277896,-47.12471912915835,1752.7018378868438,-0.301040703962658,0.0284892845030573,-0.477462956814679,0.588433338741638
1-1H-Pyrrol-1-yl_ethanone,1,2,1.2071253706806928,123.22594485804557,0.1941827319439184,1782.25,-362.777311236361,-362.68896868,2.668046648,4829.774354,1685.281124,1259.107304,0.27312,-0.306905,-0.391471,0.121884,2.0679,3.110376,2.346149,0.7542975511642322,-0.233416,-0.043191,0.190225,-38.355891313364985,1732.0,-0.265566085005206,0.0316875047993085,-0.479535249313138,0.530963590316614
2_2-Dimethyl-cycloheptanone,1,0,1.2110174099834403,119.8131777597224,-29.543814399489666,1767.4,-427.749826955605,-427.5487761,2.89569294,1800.94871,1208.187855,963.737306,0.163862,-0.286029,-0.280439,0.138551,2.1324,3.177293,2.434724,0.7662887873419291,-0.241465,-0.019536,0.221929,145.14996753220282,1706.0,-0.312885868926969,0.0305294090034235,-0.417082311544058,0.728294528944822
2_4-Diisocyanato-1-methylbenzene,6,7,1.1679860732585818,180.0,0.0,2343.07,-606.478250822419,-606.38143125,2.671672662,1338.702006,442.867585,333.458563,0.236804,-0.204205,-0.317452,0.194027,2.1063,2.949927,2.571232,0.8716256368377929,-0.241392,-0.045106,0.196286,-64.70815588127533,2270.0,-0.262310785571564,-0.0351099921615713,-0.482606125871711,3.42595382558759
2_4-Diisocyanato-1-methylbenzene,11,12,1.1678947079467397,180.0,0.0,2358.57,-606.478250822419,-606.38143125,2.671672662,1338.702006,442.867585,333.458563,0.232093,-0.202355,-0.317432,0.19554,2.1066,2.947382,2.576962,0.8743223647291053,-0.241392,-0.045106,0.196286,-69.29167225218977,2275.06432748538,-0.262310785571564,-0.0351099921615713,-0.486910065238073,3.33972756203132
2_5-Dichlorophenyl_isocyanate,5,6,1.1668731088721689,180.0,0.0,2350.20,-1318.815220833481,-1318.76632509,0.876616784,1832.959211,415.90595,338.988168,0.241474,-0.196293,-0.313693,0.200609,2.1138,2.950701,2.565391,0.869417470628166,-0.250009,-0.050677,0.1993319999999999,-54.846522272810574,2274.713527851459,-0.276173093601056,-0.0454770881111112,-0.491180032845425,3.35764348694744
2_6-Dimethylphenyl_isocyanate,9,10,1.1713915440133584,180.0,0.0,2361.87,-478.304235398622,-478.18082121,2.192442148,1795.368213,915.668108,610.952216,0.208703,-0.223822,-0.339191,0.177636,2.08,2.948171,2.595596,0.8804089043681659,-0.236034,-0.027841,0.208193,-67.85823238945514,2283.980729183197,-0.251929860115065,-0.0129252495124944,-0.451782594903748,3.33386109227356
2-Nitrocycloheptanone,1,0,1.2052938644882418,122.42793846691882,-29.534574204632907,1789.71,-553.643351780932,-553.49593007,3.453109694,1412.132381,1066.440985,911.318871,0.092411,-0.248029,-0.313827,0.156496,2.1604,3.249269,2.421099,0.7451211333995431,-0.269733,-0.085854,0.183879,96.06338387900912,1718.0,-0.312806293266083,-0.0451822132232664,-0.456778026321147,0.761431152471926
2-Phenyl-3-phenylamino_isoindolin-1-one,1,0,1.2141025455162344,126.91695249359871,-0.0089137392982179,1762.48,-670.01638014537,-669.83874693,3.95426051,1684.689955,299.702719,254.843529,0.191726,-0.363679,-0.348326,0.089016,2.0074,3.137039,2.39507,0.7634811043152476,-0.223274,-0.054813,0.168461,-11.395660431214814,1712.0,-0.256351090600626,-0.0289488448664065,-0.410072577021409,1.02412613715523
2-Phenyl-cycloheptanone,1,0,1.2083888138322862,121.44634590612034,-157.82472417027725,1783.16,-580.145985551255,-579.92301976,2.899889037,1637.107574,394.768704,379.24033,0.200596,-0.285022,-0.286082,0.147576,2.1105,3.162335,2.407896,0.7614297662961071,-0.238668,-0.026861,0.211807,88.51687934390148,1690.0,-0.24739664749111,-0.00618132235526349,-0.404107797373788,5.09836617684428
3-Trifluoromethyl_phenyl_isocyanate,10,11,1.1668335019898937,180.0,0.0,2350.44,-736.763648460761,-736.6925204,2.269629666,1874.723137,391.892229,343.800539,0.240159,-0.196059,-0.313754,0.200729,2.1138,2.950858,2.566366,0.8697016257644385,-0.261801,-0.056485,0.205316,-68.10367867550212,2277.5913978494623,-0.291583669870762,-0.0443565558325971,-0.491001543829339,3.31874954311588
6-Phenylamino_piperidin-2-one,22,24,1.2232111994230594,120.571789699766,16.3998545250479,1670.19,-610.910770121723,-610.73887038,9.115180081,1914.767652,330.833293,327.922415,0.127352,-0.307366,-0.471792,0.088979,2.0766,3.11427,2.50567,0.804576995571996,-0.218737,-0.153212,0.065525,9.125620372681857,1685.0,-0.231169057212581,-0.0419340026375448,-0.34625221706778,0.771921482378648
9-Anthracenone,1,0,1.2203417690122715,121.26442775345043,0.041486864837682,1719.08,-614.663947145568,-614.50212594,3.761677354,1482.848256,442.555408,341.535767,0.244866,-0.328025,-0.248547,0.118237,2.0687,3.10131,2.414141,0.7784262134388371,-0.252457,-0.072786,0.1796709999999999,95.4367896701437,1658.0,-0.252691386944568,-0.0278591961256093,-0.407197534628507,0.753906790930778
Acetic_acid_vinyl_ester,1,2,1.199109646758794,125.70092719541351,0.2693357270381211,1810.71,-306.440638954972,-306.37710613,1.956277709,8578.684874,2626.171202,2035.897183,0.342472,-0.308835,-0.47304,0.128578,2.0384,3.108795,2.264689,0.7284780759104412,-0.260557,-0.020269,0.2402879999999999,-63.80840692163186,1758.0,-0.284287948404549,0.0295903562923247,-0.448366730777083,0.542231629419105
Acetyl_peroxide,1,2,1.1911604439323025,127.73844642890592,-29.265586511422296,1839.85,-456.852138671113,-456.78421215,1.259647065,4791.116452,1266.984164,1254.343403,0.329452,-0.277541,-0.505534,0.144068,2.1011,3.107602,2.278893,0.7333284635548568,-0.296599,-0.018056,0.278543,-61.24058622444088,1797.0,-0.302879035382824,-0.0124414486982324,-0.455365021670681,4.70098646895172
Benzoyl_fluoride,1,0,1.185765848191792,128.14508171058293,-0.0752525945850773,1863.48,-444.803586732123,-444.73272592,4.025482949,3848.56095,1216.641191,924.409572,0.378525,-0.238098,-0.426399,0.17131,2.1581,3.017639,2.310765,0.7657526297877247,-0.281539,-0.075703,0.2058359999999999,-8.770697807210407,1818.0,-0.284995301123532,-0.0342660589628127,-0.498873125194757,4.26470874720687
Benzoyl_isocyanate,1,0,1.2055915148693606,124.40978552526002,0.0001450633749854,1749.46,-513.024900075263,-512.94546869,3.654050647,3246.725935,608.231272,512.265179,0.296772,-0.282587,-0.351779,0.141466,2.0818,3.083072,2.350666,0.7624427843397754,-0.27657,-0.081289,0.1952809999999999,7.831304248712612,1727.8665328809104,-0.279076415882895,-0.0302845101287757,-0.437971954181408,0.915378185542485
Benzoyl_isocyanate,3,4,1.1590580760777256,180.0,0.0,2318.68,-513.024900075263,-512.94546869,3.654050647,3246.725935,608.231272,512.265179,0.280971,-0.157147,-0.284074,0.233786,2.168,2.973291,2.515299,0.8459646230389155,-0.27657,-0.081289,0.1952809999999999,-32.958686016528986,2252.514160979929,-0.279076415882895,-0.0302845101287757,-0.497881456968143,3.37484968352503
Benzoyl_peroxide,1,0,1.1947730557382017,126.69520841386824,154.1496362503512,1811.02,-840.262691937615,-840.09558692,1.135267221,1708.270259,163.666587,160.926813,0.357017,-0.285674,-0.435881,0.147818,2.0759,3.069313,2.287847,0.7453938389470217,-0.272287,-0.064558,0.207729,-36.42778464428383,1783.0,-0.272347882544585,-0.0609519356469351,-0.449775503885918,0.835978364346483
Benzyl_isocyanate,1,0,1.1704615816121433,180.0,0.0,2343.96,-438.984702499544,-438.88679368,2.908210491,2488.686182,858.906326,825.003709,0.23206,-0.229106,-0.34808,0.175778,2.0998,2.964726,2.563854,0.8647861556177535,-0.263257,-0.028369,0.234888,-47.37192761776631,2265.653697155963,-0.267114781079868,-0.0237758675981246,-0.494974231367426,1.47570382082041
Butanedioic_anhydride,1,0,1.1873074020042156,129.02426567019555,57.86400099035547,1853.18,-380.505760032151,-380.45694335,4.520172787,5949.47058,2361.769431,1726.469772,0.246447,-0.230102,-0.427926,0.163423,2.1843,3.11566,2.361468,0.7579350763562134,-0.295964,-0.03807,0.257894,-28.75741954169173,1778.0,-0.323604393944164,-0.021721190185761,-0.446879197655294,0.778757793313164
Butyl_isocyanate,5,6,1.1728502609856044,180.0,0.0,2360.37,-325.886015616542,-325.78294488,3.056084558,5142.827918,1332.673531,1109.287389,0.212179,-0.23746,-0.355287,0.166568,2.0844,2.960586,2.586049,0.8734922748401837,-0.279825,0.004297,0.284122,-53.23449960689362,2277.1664698937425,-0.29358095219532,0.0414679609795608,-0.44703250869514,3.4190755777889
Cycloheptanone,1,0,1.211488002887771,120.10778057319688,-20.13090181432804,1765.89,-349.139211347607,-348.99213461,3.341476981,3153.772302,1758.396094,1234.05122,0.117126,-0.280949,-0.326643,0.124786,2.1481,3.221136,2.430857,0.7546582944650583,-0.243141,-0.018097,0.225044,83.77033996987716,1722.033834586466,-0.322203826592583,0.0252681128694572,-0.400613864561629,0.784457100472331
Ethyl_salicylate,3,4,1.226043878587141,123.80875206272384,-179.99258676036354,1707.74,-574.622440546621,-574.48245746,2.856123347,1882.486276,584.139542,448.294587,0.400438,-0.417732,-0.42946,0.071255,1.7811,3.070164,2.235776,0.7282268960224926,-0.233251,-0.056173,0.1770779999999999,10.893159812403807,1693.92,-0.268683176577641,-0.00518819032904005,-0.445702458707031,0.928634995983494
Fumaric_acid,1,2,1.2056226737702804,123.3676812395042,-0.1619903436616493,1789.88,-455.729284723244,-455.67939878,0.00023342,5674.114058,975.577673,832.450666,0.323917,-0.293208,-0.494534,0.11674,2.0546,3.044418,2.344431,0.7700752656172708,-0.295842,-0.102758,0.1930839999999999,-44.12282984418074,1678.0,-0.312690312314817,0.0180361820328939,-0.46745433187407,4.97577827291816
Furancarboxylic_acid,1,2,1.2047101892081764,125.79404369851264,0.0194311238198858,1798.55,-418.575244237894,-418.52115408,2.866965388,5265.645653,1631.643951,1245.657279,0.264301,-0.291053,-0.49052,0.112331,2.1087,3.036762,2.407643,0.7928322996665528,-0.255672,-0.056126,0.199546,-4.36672732001511,1690.0,-0.291134770124476,0.0227154082893206,-0.410830943209229,3.93710966930009
Gallic_acid,1,2,1.2090224154022124,124.9423746511226,-0.0489535586442906,1775.82,-646.470258579017,-646.37822852,2.411321808,1607.846537,664.32213,470.091913,0.330877,-0.329717,-0.460076,0.090322,2.0413,3.023609,2.354119,0.7785791747544076,-0.231621,-0.049445,0.182176,5.149617101533158,1696.0,-0.240035607808094,-0.0030121637873624,-0.449922108960825,4.65455144944816
Heptyl_isocyanate,8,9,1.1725527683946677,180.0,0.0,2359.53,-443.798218176568,-443.61554565,3.324595946,6802.260959,290.936887,284.617276,0.2074,-0.237113,-0.352065,0.166344,2.0852,2.961559,2.588822,0.874141626082749,-0.281165,0.006206,0.287371,-55.65953542502926,2271.3560540540543,-0.294686668681603,0.0297189297417175,-0.464969095364014,3.39720743572236
Hexane_1_6-diisocyanate,1,0,1.171880978650136,180.0,0.0,2355.45,-571.97114058059,-571.81500356,4.836493841,1230.087241,290.276177,238.730061,0.215116,-0.231369,-0.351913,0.171005,2.0904,2.959747,2.583498,0.8728779858548721,-0.282868,-0.002442,0.280426,-54.49636165132428,2270.0,-0.286899956674081,0.00440984802550783,-0.473062727017789,3.35136569130663
Hexane_1_6-diisocyanate,10,11,1.1721848395543255,180.0,0.0,2361.88,-571.97114058059,-571.81500356,4.836493841,1230.087241,290.276177,238.730061,0.209188,-0.234438,-0.35099,0.168547,2.0882,2.962904,2.585859,0.8727447801211244,-0.282868,-0.002442,0.280426,-55.742087196631445,2273.3192389006344,-0.286899956674081,0.00440984802550783,-0.458163573816836,1.54473785777161
Lactic_acid,3,4,1.2061464730189282,123.57755084404172,124.11394212180208,1798.09,-343.602780856274,-343.53799484,2.338588585,5146.251906,3275.233494,2249.69379,0.285553,-0.328924,-0.49011,0.095678,1.9963,3.092969,2.333718,0.7545235661915785,-0.285103,-0.0155,0.269603,18.677245623194743,1758.0,-0.305566674239396,0.0184279965182904,-0.494464601937251,4.84626540076585
m-Hydroxybenzaldehyde,6,7,1.2075496256903897,125.04906263900162,-0.0122189415895348,1774.79,-420.75274472235,-420.67117773,3.05751668,3689.358699,1136.849337,869.055995,0.0909,-0.271452,-0.258951,0.11625,2.1068,3.268148,2.467034,0.7548721783713589,-0.246391,-0.074019,0.172372,5.745100124034166,1587.0,-0.265561055125301,-0.0207388166171097,-0.440999040230982,0.742399470763486
m-Phthalic_acid,1,2,1.2064763464958608,124.62570566083886,-0.0101711734553324,1788.25,-609.366233836226,-609.27158937,1.908659442,1875.2673,585.83528,446.384381,0.321322,-0.312082,-0.459708,0.103912,2.06,3.027203,2.358126,0.7789784827776663,-0.282425,-0.07535,0.2070749999999999,-18.000033821804845,1689.0,-0.284408740985458,-0.0582295139818059,-0.463172344734372,4.58572708914925
Maleic_acid,1,2,1.2053626027540427,125.77875853125192,175.74898606293124,1795.38,-455.721925937484,-455.6720217,2.307185982,4387.606058,1325.856257,1214.062705,0.349178,-0.309773,-0.490878,0.120628,2.0164,3.034994,2.322071,0.7650990413819599,-0.288215,-0.075375,0.21284,-47.588468969845664,1709.0,-0.298927804602854,-0.00779096254985074,-0.467601816506965,4.71492984095103
Maleic_anhydride,1,0,1.1891731914191477,129.90807833830064,-0.0120880816001388,1840.03,-379.276507772637,-379.24990046,4.190306588,6881.315856,2466.731277,1815.818518,0.298122,-0.216778,-0.412295,0.181342,2.1433,3.066008,2.361986,0.7703782899457535,-0.30876,-0.123863,0.1848969999999999,-43.97926404383953,1779.0,-0.336570614385451,0.0127265850750649,-0.459902939237751,0.809815934667858
Malic_acid,6,7,1.2040760523775065,125.43881742699084,145.81201487091892,1807.78,-532.174883198445,-532.09899295,1.252747562,2768.734981,1084.350878,926.408978,0.281364,-0.315984,-0.499139,0.103287,2.0435,3.090177,2.335148,0.7556680410215983,-0.281658,-0.020334,0.261324,-34.870719282672184,1710.0,-0.292348272410107,-0.00195294344461015,-0.478880322459959,4.87766038043253
Malonic_acid,1,2,1.1994615397894175,126.0315281994652,-117.80693785763869,1816.35,-417.648147941636,-417.602371,2.406133732,5625.27727,1644.910837,1591.140597,0.262835,-0.281177,-0.497914,0.124561,2.092,3.084581,2.351507,0.7623424380815417,-0.296197,-0.014438,0.281759,-39.33436637147419,1700.0,-0.303037742391505,-0.0124216892413201,-0.482453408820507,4.75317745481907
Menthyl_acetate,1,2,1.2054382515272195,125.07995377615768,-0.7274581260741673,1785.46,-620.901021006087,-620.61720069,1.800961767,741.542149,556.243101,377.43233,0.318235,-0.335293,-0.506275,0.100376,2.0299,3.098126,2.288472,0.7386633080772054,-0.274337,0.008184,0.282521,-57.38702598719692,1751.8950318224297,-0.285864661854901,0.0257483520023066,-0.481020933776001,4.74797686372925
o-Nitrobenzoic_acid,1,2,1.2014722660090826,123.76793601508898,21.97334819440343,1807.5,-625.28315201903,-625.20101998,4.153753579,1201.877329,1061.194542,616.415275,0.263906,-0.285797,-0.473582,0.127591,2.0902,3.080724,2.357963,0.7653924856624611,-0.28805,-0.10196,0.1860899999999999,-25.73578998984469,1759.22786,-0.29205424059865,-0.0615626552122493,-0.458214093302214,1.48265792086209
o-Phthalic_acid,9,10,1.2048352383002416,124.87779836179035,-23.601072569356862,1793.26,-609.35528203141,-609.26110553,3.23651374,1148.036102,1048.295494,596.671707,0.318684,-0.304413,-0.456511,0.122614,2.0287,3.053611,2.333048,0.7640292100074304,-0.272115,-0.070009,0.202106,-31.77284448496843,1689.0,-0.280652203529292,-0.0410610090842148,-0.462738252063022,0.875081522833016
Oxalic_acid,1,2,1.1970955849275362,124.28604627935162,-0.0437396637183575,1823.74,-378.328230355704,-378.30940901,0.00027982,6082.199931,3579.673494,2253.423399,0.251739,-0.250776,-0.483463,0.14501,2.0807,3.07575,2.383871,0.7750535641713403,-0.292091,-0.082101,0.20999,21.379685493608505,1730.0,-0.350552849224734,0.0165807690608352,-0.504839143792392,4.73740590685563
p-Benzoquinone,1,0,1.217671243697986,121.35074089674616,-0.013999677570531,1730.05,-381.418555363285,-381.36402088,3.365e-05,5264.014551,1666.444199,1265.743996,0.283515,-0.26655,-0.307934,0.15724,1.9603,3.061069,2.432063,0.7945142693614551,-0.2797,-0.137748,0.141952,44.90625690220152,1702.0,-0.289311994607677,-0.0393880248625421,-0.448457911906164,0.865106713521323
p-Benzoquinone,4,5,1.217670498201381,121.35243278437147,-0.0183756600858869,1729.06,-381.418555363285,-381.36402088,3.365e-05,5264.014551,1666.444199,1265.743996,0.283514,-0.266549,-0.307936,0.157241,1.9603,3.061067,2.432065,0.7945154418377645,-0.2797,-0.137748,0.141952,44.90623027579609,1678.076749435666,-0.289311994607677,-0.0393880248625421,-0.448457911906164,0.865106713521323
p-Hydroxybenzaldehyde,5,6,1.21051964724163,125.2166840635151,-0.0032678669609603,1763.12,-420.755919666274,-420.67397488,3.520863538,5130.523849,997.572925,835.181276,0.090852,-0.289616,-0.26935,0.100731,2.0889,3.261598,2.473252,0.7582945537739476,-0.248475,-0.063582,0.184893,7.160703311016786,1718.9568411386592,-0.258338747422586,-0.0305886566903419,-0.40332038199602,3.318177154118
p-Phthalic_acid,1,2,1.2059106291566553,124.72370576506682,0.0059986558483455,1786.59,-609.365822815609,-609.2710498,2.2316e-05,2952.742651,462.546043,399.901608,0.324082,-0.307195,-0.457853,0.107756,2.0648,3.02613,2.357157,0.7789344806733352,-0.28063,-0.088484,0.1921459999999999,-18.5631637001189,1690.0,-0.28521947656512,-0.032770518557487,-0.465986785700783,0.863431423365884
Phenylacetic_acid,1,2,1.2006362606897227,126.70565752763622,141.72704804798465,1818.89,-460.084705438209,-459.97558083,1.396995089,3471.814201,765.600609,693.679652,0.276747,-0.289915,-0.49329,0.116139,2.1011,3.074416,2.354447,0.7658192645367445,-0.252081,-0.016597,0.235484,-49.57425495326767,1758.0,-0.256281881103699,-0.0128193548249442,-0.488764282412911,4.82016847029254
Phenyl_benzoate,1,0,1.201949225740006,124.95159589547856,-179.65449831571635,1786.07,-651.780492846042,-651.62337452,1.958154402,2133.160295,278.16434,260.218435,0.339788,-0.304099,-0.415341,0.13366,2.0514,3.063788,2.301152,0.7510806883504995,-0.250227,-0.059678,0.1905489999999999,-51.64755739325452,1760.750823271131,-0.261176156296628,-0.0225410544057932,-0.439427062298815,0.925379121713951
Stearic_acid,17,18,1.2041153264338929,126.0295914252578,8.727442378575999,1808.09,-857.931899217609,-857.46842131,1.62606847,921.255285,50.33769,49.62123,0.260063,-0.305242,-0.504764,0.099506,2.0774,3.099769,2.353903,0.7593801344551803,-0.280141,-0.001525,0.278616,-17.422026691852405,1758.0,-0.296661120044652,0.0243707720888051,-0.489630067039557,0.919624753309688
Z-Cyclohept-3-enone,1,0,1.2106800423224957,121.04203532750958,15.807036268824788,1774.38,-347.912808322056,-347.78906437,2.982691675,3299.231316,1880.75739,1311.495125,0.102784,-0.275652,-0.328762,0.127889,2.1668,3.221311,2.449226,0.760319633838521,-0.245911,-0.01937,0.226541,76.9149647733997,1704.0,-0.257754602603155,-0.00128498555074039,-0.343217660077939,0.760563449172413
